ID,Title,Year,Age,IMDb,Rotten Tomatoes,Netflix,Hulu,Prime Video,Disney+,Type,Kind,Seasons Count
2651,Born in Gaza,2014,,7.2,,1,0,0,0,0,movie,NA
2652,A Home with a View,2019,,5.9,,1,0,0,0,0,movie,NA
2653,Lang Tong,2015,18+,5.2,,1,0,0,0,0,movie,NA
2654,Rampage: President Down,2016,,4.8,,1,0,0,0,0,movie,NA
2655,King of Peking,2017,,6.2,,1,0,0,0,0,movie,NA
2656,Todo lo que sería Lucas Lauriente,2018,,7.7,,1,0,0,0,0,movie,NA
2657,DeRay Davis: How to Act Black,2017,7+,6.1,,1,0,0,0,0,movie,NA
2658,Veerappan,2016,13+,5.3,,1,0,1,0,0,movie,NA
2659,Bibi & Tina,2014,,4.9,,1,0,0,0,0,tv series,1
2660,Kevin James: Never Don't Give Up,2018,7+,6.1,,1,0,0,0,0,movie,NA
2661,Planetarium,2016,,4.6,16%,1,0,1,0,0,movie,NA
2662,Wyatt Cenac: Brooklyn,2014,,6.3,,1,0,0,0,0,movie,NA
2663,Jai Mummy Di,2020,,3.5,,1,0,0,0,0,movie,NA
2664,Berlin Kaplanı,2012,,5.1,,1,0,0,0,0,movie,NA
2665,The Spooky Tale of Captain Underpants Hack-a-ween,2019,,6.3,,1,0,0,0,0,movie,NA
2666,A Sort of Family,2018,,6.4,,1,0,0,0,0,movie,NA
2667,Report from the Aleutians,1943,,6.4,,1,0,1,0,0,movie,NA
2668,The Promise,2008,,5.7,,1,0,0,0,0,movie,NA
2669,Free Rein: The Twelve Neighs of Christmas,2018,,7.4,,1,0,0,0,0,tv movie,NA
2670,Jonah,2016,,5.3,,1,0,1,0,0,movie,NA
2671,Fatso!,2012,,5.7,,1,0,0,0,0,movie,NA
2672,Casablancas: The Man Who Loved Women,2016,,6.2,,1,0,0,0,0,movie,NA
2673,Hulk: Where Monsters Dwell,2016,7+,5.5,,1,0,0,0,0,video movie,NA
2674,Léa & I,2019,,6.4,,1,0,0,0,0,movie,NA
2675,Cop and a Half: New Recruit,2017,7+,5.3,,1,0,0,0,0,tv movie,NA
2676,Rainbow Jelly,2018,,7.4,,1,0,0,0,0,movie,NA
2677,Kanavu Variyam,2017,all,6.8,,1,0,0,0,0,movie,NA
2678,House of the Witch,2017,,4.8,,1,0,0,0,0,tv movie,NA
2679,Free Rein: Valentine's Day,2019,,7.3,,1,0,0,0,0,episode,NA
2680,The Gathering 2,2011,,6.6,,1,0,0,0,0,movie,NA
2681,Candyflip,2019,,6.1,,1,0,0,0,0,movie,NA
2682,Pup Star,2016,all,4.3,,1,0,0,0,0,video movie,NA
2683,A 3 Minute Hug,2018,,6.4,,1,0,0,0,0,movie,NA
2684,Dear Dad,2016,,6.4,29%,1,0,1,0,0,movie,NA
2685,I Am Vengeance,2018,18+,4.3,38%,1,0,1,0,0,movie,NA
2686,Victor,2016,13+,6.5,,1,0,0,0,0,movie,NA
2687,Maya Memsaab,1993,13+,5.3,,1,0,0,0,0,movie,NA
2688,Interrogation,2016,18+,4.9,,1,0,0,0,0,tv series,1
2689,Saavat,2019,,7.5,,1,0,0,0,0,movie,NA
2690,Chhota Bheem Kung Fu Dhamaka,2019,all,6.4,,1,0,1,0,0,movie,NA
2691,The Last Whistle,2019,7+,4.9,,1,0,0,0,0,movie,NA
2692,Elaan,1971,,5.9,,1,0,1,0,0,movie,NA
2693,It's Now or Never,2015,,5.2,,1,0,0,0,0,movie,NA
2694,Romeo Ranjha,2014,,4.7,,1,0,0,0,0,movie,NA
2695,3 Heroines,2016,,6.5,,1,0,0,0,0,movie,NA
2696,Up Among the Stars,2018,,6.1,,1,0,0,0,0,movie,NA
2697,Mahabharat,2013,,5.5,,1,0,0,0,0,tv series,1
2698,Blessed Benefit,2017,,6.7,,1,0,0,0,0,movie,NA
2699,Maddman: The Steve Madden Story,2017,18+,6.5,,1,0,0,0,0,movie,NA
2700,Thank You,2011,,4.7,,1,0,1,0,0,movie,NA
2701,Two Champions of Shaolin,1980,18+,6.4,,1,0,0,0,0,movie,NA
2702,Joe Mande's Award-Winning Comedy Special,2017,18+,6.0,,1,0,0,0,0,movie,NA
2703,¡Asu Mare! 2,2015,18+,5.7,,1,0,0,0,0,movie,NA
2704,Resurface,2017,,7.0,,1,0,0,0,0,movie,NA
2705,True: Happy Hearts Day,2019,all,8.6,,1,0,0,0,0,episode,NA
2706,Pickpockets,2018,,5.3,,1,0,0,0,0,movie,NA
2707,Feel Rich: Health Is the New Wealth,2017,,6.4,,1,0,0,0,0,movie,NA
2708,Manoranjan,1974,,6.8,,1,0,0,0,0,movie,NA
2709,Hunting Season,2017,,6.3,,1,0,1,0,0,tv series,2
2710,Hope Aur Hum,2018,,6.2,,1,0,0,0,0,movie,NA
2711,Jeff Garlin: Our Man in Chicago,2019,,5.8,,1,0,0,0,0,movie,NA
2712,Bucket List,2018,,5.9,,1,0,0,0,0,movie,NA
2713,No Place Like Home,2019,16+,4.4,,1,0,1,0,0,movie,NA
2714,Mo Gilligan: Momentum,2019,,6.2,,1,0,0,0,0,movie,NA
2715,Deadcon,2019,,2.8,50%,1,0,0,0,0,movie,NA
2716,Alex Fernández: The Best Comedian in the World,2020,,6.9,,1,0,0,0,0,movie,NA
2717,Natural Selection,2016,,5.1,,1,0,1,0,0,movie,NA
2718,Take the 10,2017,,4.8,,1,0,0,0,0,movie,NA
2719,Sigaram Thodu,2014,,6.2,,1,0,1,0,0,movie,NA
2720,Setup,2011,18+,4.4,,1,0,1,0,0,movie,NA
2721,Uncovered,2019,,,,1,0,0,0,0,movie,NA
2722,Moshe Kasher: Live in Oakland,2012,,6.8,,1,0,1,0,0,movie,NA
2723,Pandigai,2017,,6.5,,1,0,1,0,0,movie,NA
2724,Oversize Cops,2017,,5.9,,1,0,1,0,0,movie,NA
2725,Dolphin Kick,2019,,4.4,,1,0,0,0,0,movie,NA
2726,Jack Whitehall: Christmas with my Father,2019,,5.8,,1,0,0,0,0,movie,NA
2727,706,2019,13+,5.3,,1,0,0,0,0,movie,NA
2728,Weeds on Fire,2016,,6.7,,1,0,0,0,0,movie,NA
2729,El club de los buenos infieles,2018,,5.5,,1,0,0,0,0,movie,NA
2730,Suicide,2014,,6.0,,1,0,0,0,0,movie,NA
2731,All About Asado,2016,,6.6,,1,0,0,0,0,episode,NA
2732,David A. Arnold Fat Ballerina,2020,,7.5,,1,0,0,0,0,movie,NA
2733,The Massively Mixed-Up Middle School Mystery,2015,,7.2,,1,0,0,0,0,tv movie,NA
2734,French Toast,2015,,5.6,,1,0,0,0,0,movie,NA
2735,Mustang Island,2017,,6.1,,1,0,0,0,0,movie,NA
2736,Garfield's Pet Force,2009,all,4.1,,1,0,0,0,0,video movie,NA
2737,Know Your Enemy - Japan,1945,,5.9,,1,0,0,0,0,movie,NA
2738,Malena Pichot: Estupidez compleja,2018,,5.4,,1,0,0,0,0,movie,NA
2739,One in a Billion,2016,,6.7,,1,0,0,0,0,movie,NA
2740,Catching Feelings,2017,18+,5.6,,1,0,0,0,0,movie,NA
2741,Fary Is the New Black,2018,,5.9,,1,0,0,0,0,movie,NA
2742,Lynx,1982,,5.5,,1,0,1,0,0,movie,NA
2743,El Che,2015,,7.0,,1,0,0,0,0,movie,NA
2744,Five Nights in Maine,2016,,4.6,28%,1,0,0,0,0,movie,NA
2745,Kill Hitler! The Luck of the Devil,2015,,6.5,,1,0,0,0,0,tv movie,NA
2746,Carlos Ballarta: Furia Ñera,2018,,7.2,,1,0,0,0,0,movie,NA
2747,12 Round Gun,2017,18+,4.7,,1,0,0,0,0,movie,NA
2748,Baadshaho,2017,,4.9,,1,0,0,0,0,movie,NA
2749,Khido Khundi,2018,7+,6.5,,1,0,0,0,0,movie,NA
2750,Garuda Di Dadaku,2009,,6.7,,1,0,0,0,0,movie,NA
2751,Sinister Circle,2015,,4.6,,1,0,0,0,0,movie,NA
2752,Galih & Ratna,2017,,6.6,,1,0,0,0,0,movie,NA
2753,Shubh Aarambh,2017,,7.3,,1,0,0,0,0,movie,NA
2754,Agustín Aristarán: Soy Rada,2018,,6.7,,1,0,0,0,0,movie,NA
2755,Love Is a Story,2015,,6.1,,1,0,0,0,0,movie,NA
2756,Deewangee,2002,,6.6,,1,0,1,0,0,movie,NA
2757,Surviving Christmas with the Relatives,2018,,5.0,,1,0,1,0,0,movie,NA
2758,Sat Shri Akaal England,2017,7+,5.3,,1,0,0,0,0,movie,NA
2759,Road to Yesterday,2015,,6.1,,1,0,0,0,0,movie,NA
2760,Ghost Patrol,2016,,4.9,,1,0,0,0,0,movie,NA
2761,"I, Potro",2018,,6.2,,1,0,0,0,0,tv movie,NA
2762,Alien Warfare,2019,,2.6,,1,0,0,0,0,movie,NA
2763,Uncertain Glory,2017,,6.2,,1,0,0,0,0,movie,NA
2764,Komola Rocket,2018,,7.4,,1,0,0,0,0,movie,NA
2765,Fred Armisen: Standup for Drummers,2018,,5.8,,1,0,0,0,0,movie,NA
2766,Amateur,2016,,6.4,,1,0,0,0,0,movie,NA
2767,Jaoon Kahan Bata Ae Dil,2018,,6.1,,1,0,0,0,0,movie,NA
2768,Always a Bridesmaid,2000,,6.2,,1,0,0,0,0,movie,NA
2769,High Society,2017,,5.3,,1,0,0,0,0,movie,NA
2770,Camera Store,2016,,5.6,,1,0,0,0,0,movie,NA
2771,Eeda,2018,,7.2,,1,0,0,0,0,movie,NA
2772,Brian Regan: Nunchucks and Flamethrowers,2017,,6.2,,1,0,0,0,0,movie,NA
2773,Desolate,2019,,4.8,,1,0,0,0,0,movie,NA
2774,Blockbuster,2017,,5.5,,1,0,0,0,0,movie,NA
2775,May We Chat,2013,,5.0,,1,0,0,0,0,movie,NA
2776,Coffee for All,2017,,5.8,,1,0,0,0,0,movie,NA
2777,Ghosts of Sugar Land,2019,,5.5,,1,0,0,0,0,movie,NA
2778,This Was Tomorrow,2015,7+,6.2,,1,0,0,0,0,movie,NA
2779,"Yo-kai Watch the Movie: It's the Secret of Birth, Meow!",2014,,5.4,,1,0,0,0,0,movie,NA
2780,My Little Pony: Equestria Girls - Rollercoaster of Friendship,2018,,6.4,,1,0,0,0,0,tv movie,NA
2781,Notes from Dunblane: Lessons from a School Shooting,2018,,5.8,,1,0,0,0,0,movie,NA
2782,The Russian Revloution,2017,16+,6.5,,1,0,0,0,0,movie,NA
2783,Lusers,2015,,4.8,,1,0,0,0,0,movie,NA
2784,Willy and the Guardians of the Lake,2018,,6.7,,1,0,0,0,0,movie,NA
2785,Raghda Motawahesha,2018,,5.2,,1,0,0,0,0,NA,NA
2786,Urumbukal Urangarilla,2015,,6.3,,1,0,0,0,0,movie,NA
2787,Der NSU-Komplex,2016,,6.4,,1,0,0,0,0,tv movie,NA
2788,"Abdullah, The Final Witness",2015,,7.0,,1,0,0,0,0,movie,NA
2789,Paranormal Investigation,2018,,3.7,,1,0,0,0,0,movie,NA
2790,Baby Mamas,2018,,6.5,,1,0,0,0,0,movie,NA
2791,Perú: Tesoro escondido,2017,,6.1,,1,0,0,0,0,movie,NA
2792,A Witches' Ball,2017,7+,5.1,,1,0,0,0,0,movie,NA
2793,Tim Allen: Men Are Pigs,1990,,5.9,,1,0,1,0,0,movie,NA
2794,Stray Bullet,2018,,6.1,75%,1,0,0,0,0,movie,NA
2795,Lynne Koplitz: Hormonal Beast,2017,,6.1,,1,0,0,0,0,movie,NA
2796,Captain Underpants: Epic Choice-o-rama,2020,,6.3,,1,0,0,0,0,tv short,NA
2797,Concrete Football,2016,,,,1,0,0,0,0,movie,NA
2798,#Selfie,2014,,6.1,,1,0,0,0,0,movie,NA
2799,Thottappan,2019,,7.0,,1,0,0,0,0,movie,NA
2800,Rafinha Bastos: Ultimatum,2018,18+,6.5,,1,0,0,0,0,movie,NA
2801,Handsome: A Netflix Mystery Movie,2017,16+,5.2,,1,0,0,0,0,movie,NA
2802,Rattle the Cage,2015,,6.7,,1,0,0,0,0,movie,NA
2803,John Day,2013,18+,5.7,,1,0,1,0,0,movie,NA
2804,Tik Tok,2016,,5.6,,1,0,0,0,0,movie,NA
2805,The Violin Player,2016,,6.9,,1,0,0,0,0,movie,NA
2806,Jackpot,2015,,6.7,,1,0,1,0,0,movie,NA
2807,Little Miss Sumo,2018,,6.6,,1,0,0,0,0,movie,NA
2808,Robin Hood: The Rebellion,2018,,4.4,,1,0,0,0,0,movie,NA
2809,JFK: The Making of a President,2017,,6.5,,1,0,0,0,0,tv movie,NA
2810,Meet the Trumps: From Immigrant to President,2017,,4.7,,1,0,0,0,0,tv movie,NA
2811,Prague,2013,,5.8,,1,0,1,0,0,movie,NA
2812,Misfit,2017,all,4.3,,1,0,1,0,0,movie,NA
2813,Firebrand,2019,,5.1,,1,0,0,0,0,movie,NA
2814,Hurricane Bianca: From Russia with Hate,2018,,4.7,,1,0,0,0,0,movie,NA
2815,After the Raid,2019,,4.2,,1,0,0,0,0,movie,NA
2816,Strange Voices,1987,,6.5,,1,0,0,0,0,tv movie,NA
2817,Pettson and Findus: The Best Christmas Ever,2016,,5.5,,1,0,0,0,0,movie,NA
2818,"Footprints, the Path of Your Life",2016,7+,6.2,,1,0,0,0,0,movie,NA
2819,Na Bangaaru Talli,2014,,7.2,,1,0,0,0,0,movie,NA
2820,Kisaan,2009,,5.4,,1,0,0,0,0,movie,NA
2821,Saath Saath,1982,,7.1,,1,0,0,0,0,movie,NA
2822,Luccas Neto in: Summer Camp,2019,,,,1,0,0,0,0,NA,NA
2823,The Little Switzerland,2019,7+,4.8,,1,0,0,0,0,movie,NA
2824,They Are Everywhere,2016,,5.4,,1,0,0,0,0,movie,NA
2825,The Pursuit,2019,,6.0,,1,0,1,0,0,movie,NA
2826,Nocturne,2017,,4.6,,1,0,1,0,0,movie,NA
2827,Pinky Memsaab,2018,,6.5,,1,0,0,0,0,movie,NA
2828,Smosh: The Movie,2015,18+,3.3,,1,0,0,0,0,movie,NA
2829,Seth Rogen's Hilarity for Charity,2018,,5.0,,1,0,0,0,0,movie,NA
2830,Power Rangers Megaforce: Ultimate Team Power,2013,7+,6.9,,1,0,0,0,0,video movie,NA
2831,Zachariayude Garbhinikal,2013,,6.2,,1,0,1,0,0,movie,NA
2832,Beneath The Leaves,2019,18+,4.5,20%,1,0,0,0,0,movie,NA
2833,The Memory of Water,2015,,6.1,,1,0,0,0,0,movie,NA
2834,War Chod Na Yaar,2013,,5.5,,1,0,1,0,0,movie,NA
2835,Madness in the Desert: The Paris to Dakar Story,2013,,7.6,,1,0,0,0,0,tv movie,NA
2836,The Reliant,2019,13+,3.6,,1,0,0,0,0,movie,NA
2837,The Twins Effect II,2004,,4.9,,1,0,0,0,0,movie,NA
2838,#SquadGoals,2018,,4.0,,1,0,0,0,0,movie,NA
2839,S Storm,2016,13+,5.1,,1,0,0,0,0,movie,NA
2840,Garfield's Fun Fest,2008,7+,4.4,,1,0,0,0,0,video movie,NA
2841,Only Mine,2019,16+,4.7,,1,0,0,0,0,movie,NA
2842,I'm Not Crazy!,2018,18+,5.5,,1,0,0,0,0,episode,NA
2843,Aashik Aawara,1993,,5.3,,1,0,0,0,0,movie,NA
2844,Schubert in Love,2016,,5.1,,1,0,0,0,0,movie,NA
2845,Main Aurr Mrs Khanna,2009,,3.5,,1,0,0,0,0,movie,NA
2846,Monopoly ( Bank Of Luck),2017,,5.8,,1,0,0,0,0,movie,NA
2847,ZANZ,2018,,7.2,,1,0,0,0,0,movie,NA
2848,Kiss and Cry,2017,,5.9,,1,0,0,0,0,movie,NA
2849,Katherine Ryan: Glitter Room,2019,,6.0,,1,0,0,0,0,movie,NA
2850,23:59,2011,18+,4.7,,1,0,0,0,0,movie,NA
2851,Bir Baba Hindu,2016,13+,2.8,,1,0,0,0,0,movie,NA
2852,Bring It On: Worldwide #Cheersmack,2017,13+,4.2,,1,0,0,0,0,movie,NA
2853,Halkaa,2018,,7.3,,1,0,0,0,0,movie,NA
2854,Little Dragon Maiden,1983,,5.9,,1,0,1,0,0,movie,NA
2855,Buddy Thunderstruck: The Maybe Pile,2017,,7.3,,1,0,0,0,0,episode,NA
2856,Target,2018,,4.0,,1,0,1,0,0,movie,NA
2857,The Chord,2011,,6.1,,1,0,0,0,0,movie,NA
2858,Gadaar: The Traitor,2015,7+,6.3,,1,0,0,0,0,movie,NA
2859,A Haunting at Silver Falls: The Return,2019,18+,3.2,,1,0,0,0,0,movie,NA
2860,Todd Glass Stand-Up Special,2012,,6.1,,1,0,0,0,0,movie,NA
2861,Felipe Esparza: They're Not Gonna Laugh At You,2012,,6.5,,1,0,0,0,0,movie,NA
2862,Savita Damodar Paranjpe,2018,,6.0,,1,0,0,0,0,movie,NA
2863,Lo más sencillo es complicarlo todo,2018,7+,3.8,,1,0,0,0,0,movie,NA
2864,5 Star Christmas,2018,,4.5,,1,0,0,0,0,movie,NA
2865,Ánima,2018,,6.5,,1,0,0,0,0,movie,NA
2866,Amrapali,1966,,6.7,,1,0,0,0,0,movie,NA
2867,Across Grace Alley,2013,all,6.5,,1,0,0,0,0,movie,NA
2868,Armed Response,2017,18+,3.7,,1,0,0,0,0,movie,NA
2869,Bachelor Girls,2016,,6.7,,1,0,0,0,0,movie,1
2870,Phir Se,2015,,5.6,,1,0,1,0,0,tv movie,NA
2871,Patria,2014,,6.0,,1,0,0,0,0,tv series,NA
2872,Back of the Net,2019,,5.0,50%,1,0,0,0,0,movie,NA
2873,Holy Goalie,2018,,5.2,,1,0,0,0,0,movie,NA
2874,Pedal the World,2014,,5.1,,1,0,0,0,0,movie,NA
2875,A Fairly Odd Summer,2014,all,4.0,,1,1,0,0,0,tv movie,NA
2876,Bruno & Boots: The Wizzle War,2017,,5.2,,1,0,0,0,0,tv movie,NA
2877,Are We Done,2018,,5.8,,1,0,0,0,0,movie,NA
2878,Aalorukkam,2018,,6.9,,1,0,0,0,0,movie,NA
2879,Twins Mission,2007,,5.3,,1,0,0,0,0,movie,NA
2880,El Potro: Lo mejor del amor,2018,,5.2,,1,0,0,0,0,movie,NA
2881,10 jours en or,2012,,5.8,,1,0,0,0,0,movie,NA
2882,Judge Singh LLB,2015,all,7.4,,1,0,0,0,0,movie,NA
2883,Forever Chape,2018,,7.1,,1,0,0,0,0,movie,NA
2884,Ludo,2015,,2.8,,1,0,0,0,0,movie,NA
2885,It Takes a Lunatic,2019,,6.5,,1,0,0,0,0,movie,NA
2886,Rakkhosh,2019,,4.7,,1,0,0,0,0,movie,NA
2887,Before the Flying Circus,2008,,7.3,,1,0,0,0,0,tv movie,NA
2888,Thaandavam,2012,,6.1,,1,0,0,0,0,movie,NA
2889,The Milk System,2018,,7.1,,1,0,0,0,0,movie,NA
2890,Lock,2016,7+,6.1,,1,0,0,0,0,movie,NA
2891,Santa Pac's Merry Berry Day,2016,7+,4.8,,1,0,0,0,0,NA,NA
2892,Mi Amigo Alexis,2019,,4.9,,1,0,0,0,0,movie,NA
2893,The Truth About Alcohol,2016,,6.1,,1,0,0,0,0,video movie,NA
2894,King of Boys,2018,,5.6,,1,0,0,0,0,movie,NA
2895,New Money,2018,,4.8,60%,1,0,1,0,0,movie,NA
2896,Omar & Salma 3,2012,,3.8,,1,0,0,0,0,movie,NA
2897,Bilu: A Demon Within,2017,,7.0,,1,0,0,0,0,movie,NA
2898,Beary Tales,2013,,8.1,,1,0,0,0,0,movie,NA
2899,Ralphie May: Unruly,2015,,4.7,,1,0,0,0,0,video movie,NA
2900,Go! The Unforgettable Party,2019,,5.6,,1,0,0,0,0,movie,NA
2901,Camarón: The Film,2018,,7.3,,1,0,0,0,0,movie,NA
2902,All Hallow's Eve,2016,,5.1,,1,0,0,0,0,NA,NA
2903,Parchís: The Documentary,2019,,6.9,,1,0,0,0,0,movie,NA
2904,The Last Party,2016,18+,4.5,,1,0,0,0,0,movie,NA
2905,Acapulco la vida va,2017,,5.4,,1,0,0,0,0,movie,NA
2906,Running Out of Time,2018,,4.1,,1,0,0,0,0,movie,NA
2907,When Hari Got Married,2013,,7.0,,1,0,0,0,0,movie,NA
2908,Singapore,1960,,6.1,,1,0,0,0,0,movie,5
2909,Hombanna,2017,,8.4,,1,0,0,0,0,movie,NA
2910,Hera Pheri,1976,18+,6.8,,1,0,1,0,0,movie,NA
2911,The Forgotten,2014,,5.3,,1,0,0,0,0,tv series,NA
2912,Freshman Year,2019,,5.9,,1,0,0,0,0,movie,NA
2913,Anjaan,2014,,5.0,,1,0,1,0,0,movie,NA
2914,Viking Destiny,2018,18+,4.2,13%,1,0,0,0,0,movie,NA
2915,Aagey Se Right,2009,all,5.1,,1,0,0,0,0,movie,NA
2916,Alexis Viera: A Story of Surviving,2019,,,,1,0,0,0,0,movie,NA
2917,Aditi Mittal: Things They Wouldn't Let Me Say,2017,18+,4.4,,1,0,0,0,0,movie,NA
2918,Beiimaan Love,2016,13+,2.8,,1,0,1,0,0,movie,NA
2919,Vanjagar Ulagam,2018,,6.2,,1,0,0,0,0,movie,NA
2920,John & Jane,2005,,6.6,,1,0,0,0,0,movie,NA
2921,"Chatô, The King of Brazil",2015,,6.0,,1,0,0,0,0,movie,NA
2922,Familiye,2018,,6.5,,1,0,0,0,0,movie,NA
2923,Mr. Chandramouli,2018,18+,5.2,,1,0,1,0,0,movie,NA
2924,Amelia: A Tale of Two Sisters,2017,,,,1,0,0,0,0,movie,NA
2925,"We, The Marines",2017,,5.4,,1,0,0,0,0,movie,NA
2926,A New Capitalism,2017,all,6.5,,1,0,0,0,0,movie,NA
2927,Urban Cowboy: The Rise and Fall of Gilley's,2015,13+,,,1,0,0,0,0,movie,NA
2928,Kaf alqamar,2011,,6.1,,1,0,0,0,0,movie,NA
2929,The Figurine,2009,,4.5,,1,0,0,0,0,movie,NA
2930,Dear Dracula,2012,,5.2,,1,0,0,0,0,video movie,NA
2931,The Car: Road to Revenge,2019,,4.0,,1,0,0,0,0,movie,NA
2932,Sniper: Special Ops,2016,18+,3.2,,1,0,0,0,0,movie,NA
2933,Warfighter,2018,,4.2,,1,0,0,0,0,movie,NA
2934,Born to Be Free,2017,,7.5,,1,0,0,0,0,movie,NA
2935,Ice,2016,,5.7,,1,0,0,0,0,movie,NA
2936,Romantik Komedi 2: Bekarlığa Veda,2013,,5.2,,1,0,0,0,0,movie,NA
2937,Something Huge,2017,,4.6,,1,0,0,0,0,movie,NA
2938,Love You... Love You Not...,2015,,5.4,,1,0,0,0,0,movie,NA
2939,Wahed Sahih,2012,,6.3,,1,0,0,0,0,movie,NA
2940,Rise of the Zombie,2013,18+,3.6,,1,0,1,0,0,movie,NA
2941,Ghesh El-Zawgeya,2012,,4.6,,1,0,0,0,0,movie,NA
2942,3 Seconds Divorce,2018,,7.2,,1,0,0,0,0,movie,NA
2943,Chance Pe Dance,2010,all,4.7,,1,0,0,0,0,movie,NA
2944,Carlos Ballarta: El Amor es de Putos,2016,,7.0,,1,0,0,0,0,movie,NA
2945,Prince Charming,1999,,5.6,,1,0,0,0,0,movie,NA
2946,Souk Bazaar,2015,7+,5.3,,1,0,0,0,0,NA,NA
2947,Chaotic Love Poems,2016,,6.5,,1,0,0,0,0,movie,NA
2948,90 ML,2019,7+,3.3,,1,0,1,0,0,movie,NA
2949,The Worthy,2016,,5.2,,1,0,0,0,0,movie,NA
2950,The Thief and the Fool,2013,,5.2,,1,0,0,0,0,movie,NA
2951,The Holy Man,2005,,6.3,,1,0,0,0,0,movie,NA
2952,What's Your Raashee?,2009,13+,4.6,,1,0,0,0,0,movie,NA
2953,Daniel Sosa: Maleducado,2019,,7.1,,1,0,0,0,0,movie,NA
2954,Action Replayy,2010,7+,4.2,,1,0,1,0,0,movie,NA
2955,La sangre del gallo,2015,,5.4,,1,0,0,0,0,movie,NA
2956,A Stoning in Fulham County,1988,,5.7,,1,0,0,0,0,tv movie,NA
2957,Warda,2014,,4.1,,1,0,0,0,0,movie,NA
2958,Gour Hari Dastaan,2015,,7.5,40%,1,0,0,0,0,movie,NA
2959,Bruno & Boots: Go Jump in the Pool,2016,,5.7,,1,0,0,0,0,tv movie,NA
2960,SDU: Sex Duties Unit,2013,,6.0,,1,0,0,0,0,movie,NA
2961,A StoryBots Christmas,2017,,5.9,,1,0,0,0,0,tv movie,NA
2962,Odu Raja Odu,2018,,7.2,,1,0,0,0,0,movie,NA
2963,Franco Escamilla: For the Anecdote,2018,,6.8,,1,0,0,0,0,NA,NA
2964,French Dirty,2015,,5.2,,1,0,0,0,0,movie,NA
2965,Ms. Mammy,2012,,4.6,,1,0,0,0,0,movie,NA
2966,Bekia,2018,,4.9,,1,0,0,0,0,movie,NA
2967,Los Tigres del Norte at Folsom Prison,2019,,6.9,,1,0,0,0,0,movie,NA
2968,Bruno & Boots: This Can't Be Happening at Macdonald Hall,2017,,5.4,,1,0,0,0,0,tv movie,NA
2969,Quiet Victory: The Charlie Wedemeyer Story,1988,,7.7,,1,0,0,0,0,tv movie,NA
2970,Bombairiya,2019,,4.4,,1,0,0,0,0,movie,9
2971,Bang Rajan 2,2010,,5.5,,1,0,1,0,0,movie,NA
2972,Ghanchakkar,2013,7+,5.8,,1,0,0,0,0,movie,NA
2973,English Babu Desi Mem,1996,7+,4.7,,1,0,0,0,0,movie,NA
2974,The Trader,2018,,7.3,,1,0,0,0,0,movie,NA
2975,Phone Swap,2012,,5.9,,1,0,0,0,0,tv mini series,NA
2976,Spirit Riding Free: Spirit of Christmas,2019,,6.0,,1,0,0,0,0,movie,NA
2977,5Gang: A different kind of Christmas,2019,,1.6,,1,0,0,0,0,tv movie,NA
2978,The Alien and Me,2016,,5.5,,1,0,0,0,0,movie,NA
2979,Naughty Jatts,2013,all,6.3,,1,0,0,0,0,movie,NA
2980,Freezer's Campaign,2016,,,,1,0,0,0,0,movie,NA
2981,Once a Gangster,2010,,5.8,,1,0,0,0,0,movie,NA
2982,Monkey Up,2016,7+,3.8,,1,0,0,0,0,movie,NA
2983,10 Days In Sun City,2017,,5.2,,1,0,1,0,0,movie,1
2984,In My Country,2019,,,,1,0,0,0,0,movie,NA
2985,Autohead,2016,,6.0,,1,0,0,0,0,movie,NA
2986,Incorruptible,2015,,5.9,,1,0,0,0,0,movie,NA
2987,Krishna Cottage,2004,,5.1,,1,0,0,0,0,movie,NA
2988,It's Fine,2016,,7.7,,1,0,0,0,0,tv series,NA
2989,Super Monsters Save Christmas,2019,all,4.4,,1,0,0,0,0,tv movie,NA
2990,The Bling Lagosians,2019,,6.5,,1,0,0,0,0,movie,NA
2991,Needhi Singh,2016,,6.0,,1,0,0,0,0,movie,NA
2992,Teen Aur Aadha,2018,,6.8,,1,0,0,0,0,movie,NA
2993,Sommore: Chandelier Status,2013,,6.3,,1,0,0,0,0,movie,NA
2994,The Christmas Project,2016,7+,5.3,,1,0,0,0,0,movie,NA
2995,The Wedding Party 2: Destination Dubai,2017,13+,4.4,,1,0,0,0,0,movie,NA
2996,Love Is War,2019,,7.2,,1,0,0,0,0,movie,NA
2997,Zokkomon,2011,7+,4.1,,1,0,0,0,0,movie,NA
2998,Clarence Clemons: Who Do I Think I Am?,2019,,6.1,,1,0,0,0,0,movie,NA
2999,Melle,2017,,6.4,,1,0,1,0,0,movie,NA
3000,Misfit 2,2019,,5.6,,1,0,0,0,0,movie,NA
3001,Tatah,2013,,4.4,,1,0,0,0,0,movie,NA
3002,Indiscretion,2016,,4.8,,1,0,0,0,0,movie,NA
3003,Bulletproof 2,2020,,3.5,,1,0,0,0,0,movie,NA
3004,Adel Karam: Live from Beirut,2018,18+,5.2,,1,0,0,0,0,movie,NA
3005,Power Rangers: Megaforce: Raising Spirits,2013,7+,5.8,,1,0,0,0,0,tv movie,NA
3006,Too Young The Hero,1988,,6.9,,1,0,0,0,0,tv movie,NA
3007,Mumbai Matinee,2003,,5.2,,1,0,0,0,0,movie,NA
3008,Chhota Bheem And The Curse of Damyaan,2012,all,5.8,,1,0,1,0,0,movie,NA
3009,Sam Kinison: Family Entertainment Hour,1991,,6.7,,1,0,1,0,0,movie,NA
3010,In Defense of a Married Man,1990,,5.6,,1,0,0,0,0,tv movie,NA
3011,The Pact,2013,,6.1,,1,0,1,0,0,movie,NA
3012,Bioscope,2015,,5.8,,1,0,0,0,0,movie,NA
3013,Pekak,2016,,6.2,,1,0,0,0,0,movie,NA
3014,Edoardo Ferrario: Temi Caldi,2019,,6.7,,1,0,0,0,0,movie,NA
3015,Bob's Broken Sleigh,2015,,4.7,,1,0,0,0,0,tv short,NA
3016,Up North,2018,,6.1,,1,0,0,0,0,movie,NA
3017,Sofía Niño de Rivera: Natural Selection,2018,,6.8,,1,0,0,0,0,movie,NA
3018,El Viaje: Márama y Rombai,2016,,4.8,,1,0,0,0,0,NA,NA
3019,Bhasmasur,2017,,7.0,,1,0,0,0,0,movie,NA
3020,Holly Star,2018,7+,5.1,,1,0,0,0,0,movie,NA
3021,Loudon Wainwright III: Surviving Twin,2018,,6.9,,1,0,0,0,0,movie,NA
3022,Sarvopari Palakkaran,2017,,5.0,,1,0,1,0,0,movie,NA
3023,Autumn,2010,,6.6,,1,0,0,0,0,movie,NA
3024,Bartita,2012,,5.6,,1,0,0,0,0,movie,NA
3025,Oh My Ghosts,2009,,5.4,,1,0,1,0,0,movie,NA
3026,Kia and Cosmos,2019,,6.8,,1,0,0,0,0,movie,NA
3027,On the Wrong Track,1983,,5.9,,1,0,1,0,0,movie,NA
3028,Hot Property,2016,,4.0,,1,0,0,0,0,movie,NA
3029,Eza'et Hobb,2011,,5.6,,1,0,0,0,0,NA,NA
3030,Minnaminungu The Firefly,2017,,7.9,,1,0,0,0,0,movie,NA
3031,The Christmas Trap,2017,7+,5.5,,1,0,0,0,0,movie,NA
3032,What Makes a Psychopath?,2017,,6.1,,1,0,0,0,0,episode,NA
3033,Kyo Kii... Main Jhuth Nahin Bolta,2001,,5.3,,1,0,0,0,0,movie,NA
3034,Faraar,2015,13+,5.3,,1,0,0,0,0,movie,NA
3035,SPF-18,2017,13+,3.2,,1,0,0,0,0,movie,NA
3036,Shopkins: Wild,2018,,4.8,,1,0,0,0,0,movie,NA
3037,B. A. Pass 2,2017,,2.1,,1,0,0,0,0,movie,NA
3038,Mauli,2018,,6.0,,1,0,0,0,0,movie,NA
3039,Flying Guillotine II,1978,,6.3,,1,0,1,0,0,movie,NA
3040,Yaar Gaddar,1994,,3.8,,1,0,0,0,0,movie,NA
3041,LeapFrog: Phonics Farm,2011,,5.5,,1,1,0,0,0,video movie,NA
3042,Brad Paisley's Comedy Rodeo,2017,,5.5,,1,0,0,0,0,movie,NA
3043,"Martin Matte : La vie, la mort... eh la la..!",2019,,6.3,,1,0,0,0,0,movie,NA
3044,5 Cowok Jagoan,2017,,6.7,,1,0,0,0,0,movie,NA
3045,The Free Man,2016,7+,6.1,,1,0,0,0,0,movie,NA
3046,Gang of the Caribbean,2016,,5.1,,1,0,0,0,0,movie,NA
3047,Marriage Palace,2018,,6.3,,1,0,0,0,0,movie,NA
3048,X: Past Is Present,2015,13+,5.4,,1,0,1,0,0,movie,NA
3049,Have You Seen the Listers?,2018,,6.8,,1,0,0,0,0,movie,NA
3050,Kanika,2017,,4.7,,1,0,0,0,0,movie,NA
3051,Swearnet Live,2014,,4.6,,1,0,0,0,0,movie,NA
3052,Macho,2016,,4.3,,1,0,0,0,0,movie,NA
3053,Tim Allen: Rewires America,1991,7+,5.7,,1,0,1,0,0,movie,NA
3054,Shabd,2005,,5.1,,1,0,0,0,0,movie,NA
3055,Aisa Yeh Jahaan,2015,,6.9,,1,0,1,0,0,movie,NA
3056,DreamWorks Home: For the Holidays,2017,13+,4.8,,1,0,0,0,0,NA,NA
3057,W/O Ram,2018,,5.9,,1,0,0,0,0,movie,NA
3058,Malaal,2019,,5.9,29%,1,0,0,0,0,movie,NA
3059,Enissa Amani: Ehrenwort,2018,7+,5.3,,1,0,0,0,0,movie,NA
3060,Ghulam-E-Musthafa,1997,13+,6.6,,1,0,0,0,0,movie,NA
3061,Super Monsters Furever Friends,2019,,5.5,,1,0,0,0,0,tv movie,NA
3062,Peace Haven,2015,,6.5,,1,0,0,0,0,movie,NA
3063,Right Here Right Now,2018,,5.6,,1,0,0,0,0,movie,NA
3064,Pranaam,2019,,4.3,,1,0,0,0,0,movie,NA
3065,Mike Epps: Only One Mike,2019,,4.9,,1,0,0,0,0,movie,NA
3066,Super Monsters Save Halloween,2018,,5.3,,1,0,0,0,0,episode,NA
3067,Helios,2015,,5.5,,1,0,0,0,0,movie,NA
3068,Kolaiyuthir Kaalam,2019,,2.6,,1,0,0,0,0,movie,NA
3069,Counterpunch,2013,18+,4.8,,1,0,0,0,0,movie,NA
3070,The Unborn Child,2011,,4.6,,1,0,0,0,0,movie,NA
3071,Calendar Girls,2015,,4.2,,1,0,1,0,0,movie,NA
3072,The Only Mother To You All,2008,7+,5.4,,1,0,0,0,0,movie,1
3073,Shortcut Safari,2016,,6.0,,1,0,0,0,0,movie,NA
3074,Ricardo O'Farrill: Abrazo Genial,2016,,5.7,,1,0,0,0,0,movie,NA
3075,Norm of the North: King Sized Adventure,2019,,3.1,,1,0,0,0,0,movie,NA
3076,Internet Famous,2016,,3.6,,1,0,0,0,0,movie,NA
3077,Si Doel the Movie,2018,,7.1,,1,0,0,0,0,movie,NA
3078,Vitti Dandu,2014,,7.5,,1,0,0,0,0,movie,NA
3079,Casino Tycoon,1992,,6.0,,1,0,1,0,0,movie,NA
3080,The Bund,1983,,6.5,,1,0,0,0,0,tv series,NA
3081,Qila,1998,,5.2,,1,0,0,0,0,movie,NA
3082,The Legend of Michael Mishra,2016,,4.5,,1,0,0,0,0,movie,NA
3083,The Wishing Tree,2017,,5.9,,1,0,0,0,0,tv movie,NA
3084,Teach Us All,2017,,6.5,,1,0,0,0,0,movie,NA
3085,Caída del Cielo,2016,,5.3,,1,0,0,0,0,movie,NA
3086,Mike Epps: Don't Take It Personal,2015,18+,4.2,,1,0,0,0,0,movie,NA
3087,I Am Maris: Portrait of a Young Yogi,2018,all,7.1,,1,0,0,0,0,movie,NA
3088,Dany de Boon - Des Hauts-De-France,2018,18+,5.8,,1,0,0,0,0,movie,NA
3089,American Factory: A Short Conversation with the Obamas,2019,,5.3,,1,0,0,0,0,movie,NA
3090,III Smoking Barrels,2017,,6.8,,1,0,0,0,0,movie,NA
3091,Hans Teeuwen: Real Rancour,2016,,,,1,0,0,0,0,NA,NA
3092,Look for a Star,2009,,5.6,,1,0,0,0,0,movie,NA
3093,How to Win the US Presidency,2016,,6.2,,1,0,0,0,0,movie,NA
3094,"El Especial de Alex Fernández, el Especial",2017,,,,1,0,0,0,0,movie,NA
3095,Azali,2018,,5.8,,1,0,0,0,0,movie,NA
3096,Next Enti?,2018,,4.6,,1,0,0,0,0,movie,NA
3097,Super Monsters and the Wish Star,2018,,6.0,,1,0,0,0,0,movie,NA
3098,Boi,2019,18+,4.8,,1,0,0,0,0,movie,NA
3099,The Intent 2: The Come Up,2018,,3.7,,1,0,0,0,0,movie,NA
3100,Katti Batti,2015,,4.9,,1,0,0,0,0,movie,NA
3101,"Hoshino Gen Dome Tour ""POP VIRUS"" at Tokyo Dome",2019,,,,1,0,0,0,0,NA,NA
3102,Haunting on Fraternity Row,2018,18+,3.8,,1,0,0,0,0,movie,NA
3103,Pac’s Scary Halloween,2016,7+,5.4,,1,0,0,0,0,episode,NA
3104,Saadey CM Saab,2016,7+,5.6,,1,0,0,0,0,movie,NA
3105,"Pop, Lock 'n Roll",2017,,5.8,,1,0,1,0,0,movie,NA
3106,My Ex-Ex,2015,,4.4,,1,0,0,0,0,movie,NA
3107,Si saben cómo me pongo ¿pa' qué me invitan?,2018,,4.8,,1,0,0,0,0,movie,NA
3108,Oh My Ghost 2,2011,,4.9,,1,0,0,0,0,movie,NA
3109,Ujala,1959,,6.0,,1,0,0,0,0,movie,NA
3110,Rise: Ini Kalilah,2018,,5.0,,1,0,0,0,0,movie,NA
3111,Elles étaient en guerre (1914 - 1918),2014,,8.0,,1,0,0,0,0,episode,NA
3112,Still,2010,18+,4.4,,1,0,0,0,0,movie,NA
3113,Super Monsters Back to School,2019,,6.9,,1,0,0,0,0,tv movie,NA
3114,Regatta,2015,,4.5,,1,0,0,0,0,movie,NA
3115,Moms at War,2018,,5.5,,1,0,0,0,0,movie,NA
3116,The Jack King Affair,2018,,6.2,,1,0,0,0,0,movie,NA
3117,The Black Room,2016,,3.3,,1,0,0,0,0,movie,NA
3118,Casino Tycoon II,1992,,5.6,,1,0,1,0,0,movie,NA
3119,Who are you?,2012,13+,5.1,,1,0,0,0,0,movie,NA
3120,Ayotzinapa: The Turtle's Pace,2018,,7.5,,1,0,0,0,0,NA,NA
3121,First Impression,2014,,6.1,,1,0,0,0,0,tv movie,NA
3122,Yes or No 2.5,2015,,5.3,,1,0,0,0,0,movie,NA
3123,Solo el amor,2018,,4.8,,1,0,0,0,0,movie,NA
3124,Kavin Jay: Everybody Calm Down!,2018,,5.8,,1,0,0,0,0,movie,NA
3125,True: Wuzzle Wegg Day,2020,,5.6,,1,0,0,0,0,movie,NA
3126,Mundeyan Ton Bachke Rahin,2014,7+,5.8,,1,0,0,0,0,movie,NA
3127,Luccas Neto in: The End of Christmas,2019,,,,1,0,0,0,0,NA,NA
3128,The House on Coco Road,2017,,7.4,,1,0,0,0,0,movie,NA
3129,Because We're Heading Out,2016,,4.1,,1,0,0,0,0,movie,NA
3130,Deadly Switch,2019,,4.5,,1,0,0,0,0,movie,NA
3131,Ricardo O'Farrill: Abrazo Navideño,2016,,5.6,,1,0,0,0,0,movie,NA
3132,I Dream of Dance,2018,,7.6,,1,0,0,0,0,movie,NA
3133,Mayurakshi,2017,,7.1,,1,0,0,0,0,movie,NA
3134,September,2017,,5.8,,1,0,0,0,0,movie,NA
3135,The Blind Christ,2016,,5.9,,1,0,0,0,0,movie,NA
3136,Husbands in Goa,2012,,3.7,,1,0,0,0,0,movie,NA
3137,"Antar, The Fourth Grandson of Shadad",2017,,3.8,,1,0,0,0,0,NA,NA
3138,No One Will Ever Know,2018,,6.3,,1,0,0,0,0,movie,NA
3139,Super Monsters: Vida's First Halloween,2019,,5.9,,1,0,0,0,0,movie,NA
3140,Black Rose,2014,18+,2.5,22%,1,0,0,0,0,movie,NA
3141,Ricardo Quevedo: Hay gente así,2018,,6.5,,1,0,0,0,0,movie,NA
3142,Pacíficum,2017,,6.5,,1,0,0,0,0,movie,NA
3143,"My Teacher, My Obsession",2018,,4.4,,1,0,0,0,0,tv movie,NA
3144,The Young Vagabond,1985,,5.6,,1,0,1,0,0,movie,NA
3145,Expedition China,2017,all,6.4,,1,0,0,0,0,movie,NA
3146,Sommore: The Reign Continues,2015,,6.5,,1,0,0,0,0,movie,NA
3147,LeapFrog: Numberland,2012,all,5.8,,1,1,0,0,0,video movie,NA
3148,Family Blood,2018,18+,4.2,,1,0,0,0,0,movie,NA
3149,Doubles Cause Troubles,1989,,5.3,,1,0,1,0,0,movie,NA
3150,Bogda,2018,,7.3,,1,0,0,0,0,movie,NA
3151,25 Kille,2016,7+,5.9,,1,0,0,0,0,movie,NA
3152,Hungerford,2014,,3.8,,1,0,0,0,0,movie,NA
3153,Romina,2018,,2.2,,1,0,0,0,0,movie,4
3154,Garuda Di Dadaku 2,2011,,7.5,,1,0,0,0,0,movie,NA
3155,Bangkok Hell: Nor Chor - The Prisoners,2002,,5.5,,1,0,0,0,0,NA,NA
3156,Yoko and His Friends,2015,,6.4,,1,0,0,0,0,movie,NA
3157,Breaking Free,2015,,6.6,,1,0,0,0,0,tv movie,NA
3158,Pretville,2012,,4.9,,1,0,0,0,0,movie,NA
3159,Justice,2017,18+,4.0,,1,0,1,0,0,movie,NA
3160,Ek Jaan Hain Hum,1983,,6.5,,1,0,0,0,0,movie,NA
3161,Jeremy Scott: The People's Designer,2015,13+,6.4,,1,0,0,0,0,movie,NA
3162,Red Oleanders Raktokarobi,2017,,7.3,,1,0,0,0,0,movie,NA
3163,My Friend Pinto,2011,,5.3,,1,0,0,0,0,movie,NA
3164,Backfire,2017,,3.4,,1,0,0,0,0,movie,NA
3165,You Can Tutu,2017,,4.1,,1,0,0,0,0,movie,NA
3166,Lucha: Playing the Impossible,2016,,7.2,,1,0,0,0,0,movie,NA
3167,True: Winter Wishes,2019,,7.1,,1,0,0,0,0,tv series,NA
3168,"My Schoolmate, the Barbarian",2001,,5.8,,1,0,1,0,0,movie,NA
3169,Bill Hicks: Reflections,2015,,6.6,,1,0,1,0,0,movie,NA
3170,Splatter,2015,,3.1,,1,0,0,0,0,movie,NA
3171,Mau Nieto: Viviendo sobrio...desde el bar,2018,,6.6,,1,0,0,0,0,movie,NA
3172,Tellur Aliens,2016,,4.3,,1,0,0,0,0,movie,NA
3173,The Midas Touch,2013,,5.1,,1,0,1,0,0,movie,NA
3174,Saverio Raimondo: Il Satiro Parlante,2019,13+,5.9,,1,0,0,0,0,movie,NA
3175,Set Off,2008,,6.5,,1,0,0,0,0,movie,NA
3176,Paathi: The Half,2017,,6.6,,1,0,1,0,0,movie,NA
3177,Loco Love,2003,7+,5.2,,1,0,0,0,0,movie,NA
3178,Tuna Girl,2019,7+,6.5,,1,0,0,0,0,movie,NA
3179,Maroon,2016,7+,5.1,,1,0,0,0,0,movie,NA
3180,Being Napoleon,2018,,5.5,,1,0,0,0,0,movie,NA
3181,The Holy Man III,2010,,6.0,,1,0,0,0,0,movie,NA
3182,Arsenio Hall: Smart and Classy,2019,,5.9,,1,0,0,0,0,movie,4
3183,Lechmi,2017,,4.9,,1,0,1,0,0,movie,NA
3184,Theeram,2017,,6.5,,1,0,0,0,0,movie,NA
3185,Cultivating the Seas: History and Future of the Full-Cycle Cultured Kindai Tuna,2019,,,,1,0,0,0,0,NA,NA
3186,Saudi Arabia Uncovered,2016,,7.2,,1,0,0,0,0,episode,NA
3187,Twinsanity,2018,,4.1,,1,0,0,0,0,movie,NA
3188,Jefe,2018,18+,5.4,,1,0,0,0,0,movie,NA
3189,Sister Code,2015,18+,4.6,,1,0,0,0,0,movie,NA
3190,Park Na-rae: Glamour Warning,2019,,4.7,,1,0,0,0,0,movie,NA
3191,Lilli,2018,,5.8,,1,0,0,0,0,movie,NA
3192,Salaam Kashmier,2014,,3.0,,1,0,0,0,0,movie,NA
3193,L-O-V-E.,2009,,4.8,,1,0,0,0,0,movie,NA
3194,Alan Saldaña: Mi vida de pobre,2017,,6.1,,1,0,0,0,0,movie,NA
3195,Bombshell - The Sinking Of The Rainbow Warrior,2016,,6.0,,1,0,0,0,0,tv movie,NA
3196,Sam Kinison: Live in Vegas,1991,,6.7,,1,0,1,0,0,video movie,NA
3197,True: Tricky Treat Day,2019,,7.4,,1,0,0,0,0,tv series,NA
3198,The Ant's Scream,2011,,6.2,,1,0,0,0,0,movie,NA
3199,LoveJacked,2017,,4.7,,1,0,0,0,0,movie,NA
3200,Old Lord Savanna,2018,,7.6,,1,0,0,0,0,movie,NA
3201,A Yellow Bird,2016,,5.5,,1,0,0,0,0,movie,NA
3202,Miniforce: New Heroes Rise,2016,,4.1,,1,0,0,0,0,movie,NA
3203,1920 London,2016,,4.1,,1,0,0,0,0,movie,NA
3204,Beat Bugs: All Together Now,2017,all,6.9,,1,0,0,0,0,episode,NA
3205,Pareeth Pandari,2017,,6.6,,1,0,0,0,0,movie,NA
3206,Tees Maar Khan,2010,,2.5,11%,1,0,0,0,0,movie,NA
3207,Fernando Sanjiao: Hombre,2018,,6.3,,1,0,0,0,0,movie,NA
3208,"Out of Many, One",2018,,5.3,,1,0,0,0,0,movie,NA
3209,Sameer Abu Elneel,2013,,4.3,,1,0,0,0,0,NA,NA
3210,Get Out Here for me,2018,,4.6,,1,0,0,0,0,tv movie,NA
3211,Harith Iskander: I Told You So,2018,,4.5,,1,0,0,0,0,movie,NA
3212,Merry Men: The Real Yoruba Demons,2018,,6.0,,1,0,0,0,0,movie,NA
3213,Two Catalonias,2018,,6.5,,1,0,0,0,0,movie,NA
3214,Mokalik (Mechanic),2019,,6.5,,1,0,0,0,0,movie,NA
3215,Counterfeiting in Suburbia,2018,,4.5,,1,0,0,0,0,tv movie,NA
3216,Countdown to Death: Pablo Escobar,2017,,6.5,,1,0,0,0,0,tv movie,NA
3217,Fishtronaut: The Movie,2018,all,5.5,,1,0,0,0,0,NA,NA
3218,She Did That,2019,,6.6,,1,0,0,0,0,video movie,NA
3219,Mumbai's King,2012,,6.5,,1,0,0,0,0,movie,NA
3220,Black & Privileged: Volume 1,2019,,3.2,,1,0,0,0,0,NA,NA
3221,KL Zombie,2013,,4.5,,1,0,0,0,0,movie,NA
3222,Dark Chocolate,2016,13+,4.4,,1,0,1,0,0,movie,NA
3223,Natalia Valdebenito: The Loud-mouthed Woman,2017,,6.3,,1,0,0,0,0,NA,NA
3224,Shark Busters,2002,16+,6.3,,1,0,0,0,0,movie,NA
3225,Kaake Da Viyah,2019,,5.1,,1,0,0,0,0,movie,NA
3226,Fishtail,2014,,6.5,,1,0,0,0,0,movie,NA
3227,C Kkompany,2008,,5.4,,1,0,0,0,0,movie,NA
3228,The Walls of The Moon,2015,,5.8,,1,0,0,0,0,movie,NA
3229,Muzaffarnagar Baaqi Hai,2015,,7.0,,1,0,0,0,0,movie,NA
3230,Deewana Main Deewana,2013,,2.5,,1,0,1,0,0,movie,NA
3231,Garbage,2018,,3.3,60%,1,0,1,0,0,movie,NA
3232,Felipe Neto: My Life Makes No Sense,2017,,4.4,,1,0,0,0,0,movie,NA
3233,The Birth Reborn 3,2018,13+,,,1,0,0,0,0,episode,NA
3234,Follow Me,2017,,5.0,,1,0,0,0,0,movie,NA
3235,Chicken Kokkachi,2017,,4.9,,1,0,1,0,0,movie,NA
3236,Sat Sri Akal,2008,,5.8,,1,0,0,0,0,movie,NA
3237,"¡Ay, mi madre!",2019,18+,3.8,,1,0,0,0,0,movie,NA
3238,White Island,2016,,4.2,,1,0,0,0,0,movie,NA
3239,Jugaad,2009,,5.3,,1,0,0,0,0,movie,NA
3240,The Perfect Day,2018,,3.1,,1,0,1,0,0,movie,NA
3241,Samarppanam,2017,,6.0,,1,0,0,0,0,movie,NA
3242,Ms J Contemplates Her Choice,2015,,4.9,,1,0,0,0,0,movie,NA
3243,Don't Go Breaking My Heart 2,2014,,5.5,,1,0,0,0,0,movie,NA
3244,Mater,2017,,4.5,,1,0,0,0,0,movie,NA
3245,Yeh Hai Bakrapur,2015,,3.8,,1,0,0,0,0,movie,NA
3246,Mugamoodi,2012,,4.9,,1,0,1,0,0,movie,NA
3247,Pup Star: World Tour,2018,all,4.2,,1,0,0,0,0,movie,NA
3248,Hot Gimmick: Girl Meets Boy,2019,,4.4,,1,0,0,0,0,movie,NA
3249,We Are Legends,2019,,5.1,,1,0,0,0,0,movie,NA
3250,A Sort of Homecoming,2015,,5.8,,1,0,0,0,0,movie,NA
3251,Adhugo,2018,,6.0,,1,0,0,0,0,movie,NA
3252,Bitter / Sweet,2009,,5.5,,1,0,0,0,0,movie,NA
3253,Zoé Panoramas,2017,,7.0,,1,0,0,0,0,movie,NA
3254,Dhoondte Reh Jaoge,2009,7+,5.6,,1,0,0,0,0,movie,NA
3255,Puppy Star Christmas,2018,7+,4.0,,1,0,0,0,0,movie,NA
3256,Motor Mitraan Di,2016,all,6.1,,1,0,0,0,0,movie,NA
3257,A Truthful Mother,2019,,6.4,,1,0,0,0,0,movie,NA
3258,Lal Pathar,1964,,7.8,,1,0,0,0,0,movie,NA
3259,Benji's Very Own Christmas Story,1978,all,5.2,,1,0,0,0,0,tv movie,NA
3260,Bridget Christie: Stand Up For Her,2016,,6.2,,1,0,0,0,0,movie,NA
3261,Abdu Mouta,2012,,2.9,,1,0,0,0,0,movie,NA
3262,Pocoyo and the Space Circus,2008,all,5.9,,1,0,0,0,0,movie,NA
3263,48 Christmas Wishes,2017,all,4.0,,1,0,0,0,0,tv movie,NA
3264,Horror Story,2013,,4.3,,1,0,0,0,0,movie,NA
3265,Ek Khiladi Ek Haseena,2005,all,5.8,,1,0,0,0,0,movie,NA
3266,Jani Dueñas: Grandes fracasos de ayer y hoy,2018,,4.9,,1,0,0,0,0,movie,NA
3267,Mala Kahich Problem Nahi,2017,,7.2,,1,0,0,0,0,movie,NA
3268,2015 Dream Concert,2015,,5.7,,1,0,0,0,0,movie,NA
3269,Roberto Saviano: Writing Under Police Protection,2016,,6.8,,1,0,0,0,0,tv movie,NA
3270,Amar Akbar & Tony,2015,,5.2,,1,0,0,0,0,movie,NA
3271,Diamond Geezers,2008,,6.3,,1,0,1,0,0,movie,NA
3272,Breaking the Bank,2016,,4.8,,1,0,0,0,0,movie,NA
3273,Todd Glass: Act Happy,2018,,5.0,,1,0,0,0,0,movie,NA
3274,Grillo vs Grillo,2017,,4.7,,1,0,0,0,0,movie,NA
3275,Yaara O Dildaara,2011,,5.5,,1,0,0,0,0,movie,NA
3276,To Noora with Love,2014,,5.3,,1,0,0,0,0,movie,NA
3277,The Secrets of Emily Blair,2016,,4.1,,1,0,0,0,0,movie,NA
3278,The Tayo Movie: Mission Ace,2016,,5.1,,1,0,1,0,0,movie,NA
3279,Yoo Byung Jae: Too Much Information,2018,,5.3,,1,0,0,0,0,movie,NA
3280,When Love Happens,2014,,4.9,,1,0,1,0,0,movie,NA
3281,Dismissal,2017,18+,4.9,,1,0,0,0,0,movie,NA
3282,Pimpal,2017,,7.8,,1,0,0,0,0,movie,NA
3283,Sebastián Marcelo Wainraich,2018,,6.2,,1,0,0,0,0,movie,NA
3284,Mighty Raju Rio Calling,2014,all,4.8,,1,0,0,0,0,movie,NA
3285,Mariah Carey's Merriest Christmas,2015,all,4.9,,1,0,0,0,0,movie,NA
3286,Black Site Delta,2017,,3.8,,1,0,0,0,0,movie,NA
3287,To and From New York,2006,,6.5,,1,0,0,0,0,video movie,NA
3288,A Scandall,2016,,3.0,,1,0,1,0,0,movie,NA
3289,Shopkins World Vacation,2017,all,4.6,,1,0,0,0,0,movie,NA
3290,The War Against Women,2013,,6.7,,1,0,0,0,0,movie,8
3291,Rich Kids,2018,,6.8,,1,0,0,0,0,movie,NA
3292,14 Minutes from Earth,2016,,5.4,,1,0,1,0,0,movie,NA
3293,Edge of Fear,2018,18+,4.4,,1,0,0,0,0,movie,NA
3294,Soul Thieves,2015,,4.9,,1,0,0,0,0,NA,NA
3295,Chal Bhaag,2014,7+,4.3,,1,0,0,0,0,movie,NA
3296,Sei,2018,,4.2,,1,0,1,0,0,movie,NA
3297,Weapon of Choice,2018,,4.4,,1,0,0,0,0,movie,NA
3298,Ugly Aur Pagli,2008,,3.7,,1,0,0,0,0,movie,NA
3299,Incoming,2018,18+,3.3,,1,0,0,0,0,movie,NA
3300,Antidote,2018,,2.7,,1,0,1,0,0,movie,NA
3301,La Leyenda del Diamante,2018,,3.6,,1,0,0,0,0,movie,NA
3302,Farce,2017,,5.3,,1,0,0,0,0,movie,NA
3303,Daniel Sosa: Sosafado,2017,,5.3,,1,0,0,0,0,movie,NA
3304,Ragini MMS 2,2014,13+,3.9,,1,0,0,0,0,movie,NA
3305,Santa Claws,2014,7+,3.2,,1,0,0,0,0,movie,NA
3306,The beauty of Rouh,2014,,3.5,,1,0,0,0,0,episode,NA
3307,Pyaar Ke Do Pal,1986,,6.1,,1,0,0,0,0,movie,NA
3308,Machhli Jal Ki Rani Hai,2014,,2.6,,1,0,1,0,0,movie,NA
3309,Sur,2002,,6.4,,1,0,0,0,0,tv series,NA
3310,Life of An Outcast,2018,,6.7,,1,0,0,0,0,movie,NA
3311,What the Jatt!!,2015,all,5.3,,1,0,0,0,0,movie,NA
3312,Brother's Shadow,2006,,5.9,,1,0,0,0,0,movie,NA
3313,Mythily Veendum Varunnu...,2017,,2.3,,1,0,0,0,0,movie,NA
3314,Oru Visheshapetta BiriyaniKissa,2017,,5.8,,1,0,0,0,0,movie,NA
3315,Rodney Carrington: Here Comes The Truth,2017,,4.2,,1,0,0,0,0,movie,NA
3316,Hakkunde,2017,,6.6,,1,0,1,0,0,movie,NA
3317,Die Ontwaking,2016,,4.7,,1,0,0,0,0,movie,NA
3318,P Se PM Tak,2015,7+,4.0,,1,0,0,0,0,movie,NA
3319,Why Knot,2014,,5.1,,1,0,0,0,0,movie,NA
3320,Rembat,2015,,4.8,,1,0,0,0,0,movie,NA
3321,Coco y Raulito: Carrusel de ternura,2018,13+,6.6,,1,0,0,0,0,movie,NA
3322,هجولة 2: المهمة الغامضة,2018,,3.8,,1,0,0,0,0,NA,NA
3323,Bollywood Calling,2003,,6.4,,1,0,0,0,0,movie,NA
3324,Tatu,2017,,3.5,,1,0,1,0,0,movie,NA
3325,Rumble,2016,,3.7,,1,0,0,0,0,movie,NA
3326,Nasha,2013,13+,3.2,,1,0,0,0,0,movie,NA
3327,Krutant,2019,,6.4,,1,0,0,0,0,movie,NA
3328,Gina Yashere: Skinny B*tch,2008,,6.1,,1,0,1,0,0,movie,NA
3329,The Young Tiger,1973,,4.5,,1,0,0,0,0,movie,NA
3330,Dieter Nuhr: Nuhr in Berlin,2016,,,,1,0,0,0,0,movie,NA
3331,#Rucker50,2016,,5.3,,1,0,0,0,0,movie,NA
3332,Alejandro Riaño: Especial de stand up,2018,,4.9,,1,0,0,0,0,movie,NA
3333,Mantostaan,2017,,6.2,40%,1,0,1,0,0,movie,NA
3334,Natascha Kampusch: The Whole Story,2010,,5.8,,1,0,0,0,0,tv movie,NA
3335,Jaal: The Trap,2003,,4.1,,1,0,0,0,0,movie,NA
3336,"All's Well, Ends Well 2009",2009,,4.8,,1,0,0,0,0,movie,NA
3337,Loving You,1995,16+,6.5,,1,0,1,0,0,movie,NA
3338,Ma Chu Ka,2017,,6.1,,1,0,0,0,0,movie,NA
3339,My Dog is My Guide,2013,,3.2,,1,0,0,0,0,movie,NA
3340,Mercy,2016,all,4.2,,1,0,0,0,0,movie,NA
3341,Shopkins Chef Club,2016,,4.7,,1,0,0,0,0,movie,NA
3342,Shantet Hamza,2017,,4.3,,1,0,0,0,0,movie,NA
3343,Without Gorky,2013,,6.9,,1,0,0,0,0,movie,NA
3344,Ralphie May: Imperfectly Yours,2013,,5.6,,1,0,0,0,0,movie,NA
3345,Waterschool,2018,,6.1,,1,0,0,0,0,movie,NA
3346,Silencer,2018,,3.8,,1,0,0,0,0,movie,NA
3347,Loving is Losing,2019,,5.2,,1,0,0,0,0,movie,NA
3348,Once In A Lifetime Sessions with TLC,2018,,,,1,0,0,0,0,tv series,NA
3349,Gina Yashere: Laughing To America,2014,,,,1,0,1,0,0,video movie,NA
3350,Pooja Kiven Aa,2013,,5.0,,1,0,0,0,0,movie,4
3351,Mujrim,2001,,5.6,,1,0,0,0,0,movie,NA
3352,Attitude Test,2016,,2.4,,1,0,0,0,0,movie,NA
3353,"Hello, Privilege. It's Me, Chelsea",2019,,4.1,,1,0,0,0,0,tv movie,NA
3354,Imperfect,2012,,5.3,,1,0,0,0,0,movie,NA
3355,Dil Vil Pyar Vyar,2002,,5.2,,1,0,1,0,0,movie,NA
3356,Pocoyo's Halloween,2016,all,7.7,,1,0,0,0,0,movie,NA
3357,Virunga: Gorillas in Peril,2015,,6.2,,1,0,0,0,0,tv movie,NA
3358,Paisa Paisa,2013,,5.4,,1,0,0,0,0,movie,NA
3359,History of Joy,2017,,5.5,,1,0,1,0,0,movie,NA
3360,Tamanchey,2014,13+,4.5,,1,0,1,0,0,movie,NA
3361,Luckee,2019,,4.2,,1,0,0,0,0,movie,NA
3362,Salem Abu Ukhtuh,2014,,3.5,,1,0,0,0,0,movie,NA
3363,Viswasapoorvam Mansoor,2017,,6.3,,1,0,0,0,0,movie,NA
3364,How to Stage a Coup,2017,,6.3,,1,0,0,0,0,tv movie,NA
3365,MindGamers,2015,18+,3.7,,1,0,0,0,0,movie,NA
3366,The Price of Success,2017,,5.8,20%,1,0,0,0,0,movie,NA
3367,Yoo Byung Jae: Discomfort Zone,2018,,4.8,,1,0,0,0,0,movie,NA
3368,Frat Star,2017,18+,3.7,,1,0,1,0,0,movie,NA
3369,Settai,2013,,4.4,,1,0,0,0,0,movie,NA
3370,True: Grabbleapple Harvest,2019,,4.8,,1,0,0,0,0,tv series,NA
3371,Teshan,2016,,5.2,,1,0,0,0,0,movie,NA
3372,Si Doel the Movie 2,2019,,7.0,,1,0,0,0,0,movie,NA
3373,Grass,2017,,4.7,,1,0,1,0,0,movie,NA
3374,Uncle Naji in UAE,2019,13+,5.7,,1,0,0,0,0,movie,NA
3375,Mohtaram Ela 1/4,2010,,3.7,,1,0,0,0,0,movie,NA
3376,Chief Daddy,2018,,4.9,,1,0,0,0,0,movie,NA
3377,Undercover Brother 2,2019,18+,3.4,,1,0,0,0,0,movie,NA
3378,Imago,2018,,6.3,,1,0,0,0,0,movie,NA
3379,Larceny,2017,,3.4,,1,0,0,0,0,movie,NA
3380,Train of the Dead,2007,16+,3.5,,1,0,1,0,0,movie,NA
3381,Pierre Jackson,2018,,6.0,,1,0,0,0,0,movie,NA
3382,The Reservoir Game,2017,,6.1,,1,0,0,0,0,movie,NA
3383,Chocolate City: Vegas Strip,2016,13+,3.9,,1,0,0,0,0,movie,NA
3384,An Upper Egyptian,2014,,3.0,,1,0,0,0,0,movie,NA
3385,Papa the Great,2000,,5.4,,1,0,0,0,0,movie,NA
3386,Liss Pereira: Renteniendo Liquidos,2019,,6.6,,1,0,0,0,0,movie,NA
3387,Francesco De Carlo: Cose di Questo Mondo,2019,,5.7,,1,0,0,0,0,movie,NA
3388,Professor Mack,2018,,4.2,,1,0,0,0,0,movie,NA
3389,Fabrizio Copano: Solo pienso en mi,2017,,4.9,,1,0,0,0,0,movie,NA
3390,The Holy Man 2,2008,,5.1,,1,0,0,0,0,movie,NA
3391,Best Neighbors,2014,,2.2,,1,0,0,0,0,movie,NA
3392,Sukhi Sansarachi 12 Sutre,1995,,6.0,,1,0,0,0,0,movie,NA
3393,Hajwala,2016,13+,2.1,,1,0,0,0,0,movie,NA
3394,Marvel & ESPN Films Present: 1 of 1: Genesis,2015,7+,3.7,,1,0,0,0,0,movie,NA
3395,Mr. Virgin,1984,,5.2,,1,0,0,0,0,movie,NA
3396,Joker,2012,,2.4,,1,0,0,0,0,movie,NA
3397,Drink Drank Drunk,2016,,4.1,,1,0,0,0,0,movie,NA
3398,Oh Darling! Yeh Hai India!,1995,all,4.2,,1,0,0,0,0,movie,NA
3399,Bathinda Express,2016,7+,5.8,,1,0,0,0,0,movie,NA
3400,The First Line,2014,,5.1,,1,0,0,0,0,movie,NA
3401,Santo cachón,2018,,4.9,,1,0,0,0,0,tv movie,NA
3402,Reaction,2012,,4.5,,1,0,0,0,0,movie,NA
3403,Winter of Our Dreams,1981,,6.3,,1,0,0,0,0,movie,NA
3404,Feo pero Sabroso,2019,18+,4.2,,1,0,0,0,0,movie,NA
3405,Marco Luque - We are together,2017,,4.3,,1,0,0,0,0,NA,NA
3406,Khoon Khoon,1973,,5.2,,1,0,0,0,0,movie,NA
3407,Salaakhen,1975,,5.3,,1,0,0,0,0,movie,NA
3408,Pup Star: Better 2Gether,2017,all,4.7,,1,0,0,0,0,movie,NA
3409,Bandie,1978,,4.7,,1,0,0,0,0,movie,NA
3410,Chandani: The Daughter of the Elephant Whisperer,2010,,7.1,,1,0,0,0,0,movie,NA
3411,Voulez-vous rire avec moi ce soir?,2018,,6.2,,1,0,0,0,0,movie,NA
3412,Maharaja: The Story of Ranjit Singh,2010,,7.3,,1,0,0,0,0,movie,NA
3413,Yabani Asly,2017,,5.4,,1,0,0,0,0,movie,1
3414,Silence Is Welcome,2017,,4.6,,1,0,0,0,0,movie,NA
3415,Deviant Love,2019,16+,3.7,,1,0,0,0,0,movie,NA
3416,Agyaat,2009,,2.9,,1,0,0,0,0,movie,NA
3417,Menorca,2016,,4.3,,1,0,0,0,0,movie,NA
3418,John Henry,2020,18+,3.5,,1,0,0,0,0,movie,NA
3419,Mandobasar Galpo,2017,,6.0,,1,0,0,0,0,movie,NA
3420,Darra,2016,,5.1,,1,0,0,0,0,movie,NA
3421,Arango y Sanint: Ríase el show,2018,,4.0,,1,0,0,0,0,movie,NA
3422,Bobby the Hedgehog,2016,7+,4.2,,1,0,0,0,0,movie,NA
3423,Tezz,2012,,3.9,,1,0,1,0,0,movie,NA
3424,Chadi Jawani Budhe Nu,1976,,4.5,,1,0,0,0,0,movie,NA
3425,Anthony Kaun Hai?,2006,,5.3,,1,0,1,0,0,movie,NA
3426,Sam Kinison: The Scream Continues,2016,,6.2,,1,0,1,0,0,movie,NA
3427,The Republic Of Imbaba,2015,,,,1,0,0,0,0,NA,NA
3428,Tum Milo Toh Sahi,2010,,5.7,,1,0,1,0,0,movie,NA
3429,Mahjong Heroes,1981,,5.3,,1,0,0,0,0,movie,NA
3430,Trapped in Tradition: Rivaaz,2011,,4.1,,1,0,0,0,0,movie,NA
3431,Mantra,2017,13+,5.2,40%,1,0,1,0,0,movie,NA
3432,Mexicanos de bronce,2016,,6.8,,1,0,0,0,0,movie,NA
3433,Bhoopadathil Illatha Oridam,2012,,4.5,,1,0,0,0,0,movie,NA
3434,Truckbhar Swapna,2018,,6.3,,1,0,0,0,0,movie,NA
3435,Contract,2008,18+,4.2,,1,0,1,0,0,tv series,NA
3436,Recall,2018,,2.7,,1,0,0,0,0,movie,NA
3437,Simplemente Manu NNa,2017,,5.1,,1,0,0,0,0,movie,NA
3438,After Maria,2019,,4.4,,1,0,0,0,0,movie,NA
3439,Daffedar,2016,,5.9,,1,0,1,0,0,movie,NA
3440,Hisss,2010,,2.8,,1,0,1,0,0,movie,NA
3441,Coffee with D,2017,13+,4.4,17%,1,0,1,0,0,movie,NA
3442,The Land of Cards,2013,,5.8,,1,0,0,0,0,movie,NA
3443,A Russell Peters Christmas Special,2011,,4.1,,1,0,0,0,0,movie,NA
3444,Love Dot Com: The Social Experiment,2019,,4.2,,1,0,0,0,0,movie,NA
3445,The Women Who Kill Lions,2016,13+,3.6,,1,0,0,0,0,tv movie,NA
3446,Cappuccino,2017,,3.8,,1,0,1,0,0,movie,NA
3447,Kajraare,2010,,2.9,,1,0,0,0,0,movie,NA
3448,The Bait,2016,,6.1,,1,0,0,0,0,movie,NA
3449,Chingo Bling: They Can't Deport Us All,2017,,5.7,,1,0,0,0,0,movie,NA
3450,The Ghost and the Tout,2018,,2.9,,1,0,0,0,0,movie,NA
3451,May You Prosper,2017,,3.5,,1,0,0,0,0,movie,NA
3452,Fakkah Fuzz: Almost Banned,2018,,4.0,,1,0,0,0,0,movie,NA
3453,In Paradox,2019,,6.1,,1,0,0,0,0,movie,NA
3454,Himmatwala,2013,,1.7,,1,0,0,0,0,movie,8
3455,"Sí, Mi Amor",2020,,3.2,,1,0,0,0,0,movie,NA
3456,Mission Istaanbul,2008,,3.4,,1,0,0,0,0,movie,NA
3457,Kaviyude Osyathu,2017,,4.4,,1,0,0,0,0,movie,NA
3458,Aerials,2016,,1.4,,1,0,0,0,0,movie,NA
3459,Karzzzz,2008,,2.1,,1,0,0,0,0,movie,NA
3460,"It's Okay, Buddy",2017,,3.1,,1,0,0,0,0,movie,NA
3461,Behind 'The Cove',2015,,3.7,,1,0,0,0,0,movie,NA
3462,"Edmilson Filho: Notas, Comedy about Relationships",2018,,5.8,,1,0,0,0,0,movie,NA
3463,Hattrick,2007,7+,4.2,,1,0,0,0,0,movie,NA
3464,Har Kisse Ke Hisse Kaamyaab,2020,7+,,,1,0,0,0,0,movie,NA
3465,I Am Jonas,2020,,,,1,0,0,0,0,tv movie,NA
3466,Death Can Wait,2020,,,,1,0,0,0,0,NA,NA
3467,Light in the Dark,2020,,,,1,0,0,0,0,movie,NA
3468,Patton Oswalt: I Love Everything,2020,,,,1,0,0,0,0,movie,NA
3469,EMI,2008,,4.3,,1,0,0,0,0,episode,NA
3470,Sylvanian Families: Everyone's Big Dream Flying in the Sky,2020,,,,1,0,0,0,0,NA,1
3471,Chhota Bheem Ka Romani Adventure,2018,,,,1,0,0,0,0,NA,NA
3472,Digs & Discoveries: All Track's Lead to Rome,2019,,,,1,0,0,0,0,NA,NA
3473,Angu Vaikuntapurathu (Malayalam),2020,,,,1,0,0,0,0,NA,NA
3474,Thomas & Friends: Marvelous Machinery: A New Arrival,2020,,,,1,0,0,0,0,NA,NA
3475,Sometimes it rains,2016,,,,1,0,0,0,0,movie,NA
3476,Alakada Reloaded,2017,,,,1,0,0,0,0,movie,NA
3477,Digs & Discoveries: Mines of Mystery,2019,,,,1,0,0,0,0,NA,NA
3478,Steam Team to the Rescue,2019,,,,1,0,0,0,0,episode,NA
3479,Chhota Bheem Ka Troll Se Takkar,2018,,,,1,0,0,0,0,NA,NA
3480,Thomas & Friends: Marvelous Machinery: World of Tomorrow,2020,,,,1,0,0,0,0,NA,NA
3481,30 Days of Luxury,2016,,,,1,0,0,0,0,movie,NA
3482,The Guardian Brothers,2016,,,,1,0,0,0,0,movie,NA
3483,The Last Shaman,2016,,,,1,0,0,0,0,movie,NA
3484,Homeland,2019,,,,1,0,0,0,0,tv series,NA
3485,Once In A Lifetime Sessions with Noel Gallagher,2018,,,,1,0,0,0,0,episode,NA
3486,Chhota Bheem Aur Kaala Yodha,2018,,,,1,0,0,0,0,NA,NA
3487,Sylvanian Families: The Treasure of Sylvania Village,2018,,,,1,0,0,0,0,NA,NA
3488,Eve's Apple,2008,,,,1,0,0,0,0,movie,NA
3489,Kaaliyan,2017,,,,1,0,0,0,0,movie,NA
3490,Alarmoty in the Land of Fire,2017,,,,1,0,0,0,0,movie,NA
3491,Jackie: A Tale of Two Sisters,2017,,,,1,0,0,0,0,movie,NA
3492,Power Rangers Super Samurai: Trickster Treat,2012,,,,1,0,0,0,0,NA,NA
3493,Cop Watchers,2016,,,,1,0,0,0,0,movie,NA
3494,LEGO House - Home of the Brick,2018,,,,1,0,0,0,0,movie,NA
3495,The Bulbul's Nest,2013,,,,1,0,0,0,0,NA,NA
3496,Black Man White Skin,2015,,,,1,0,0,0,0,movie,1
3497,Little Singham Bandarpur Mein Hu Ha Hu,2019,,,,1,0,0,0,0,NA,NA
3498,You're Everything To Me,2016,,,,1,0,0,0,0,movie,NA
3499,The Last Bomb of the Second World War,2019,,,,1,0,0,0,0,movie,NA
3500,Power Rangers Super Samurai: Stuck on Christmas,2012,,,,1,0,0,0,0,NA,NA
3501,Pocoyo Special Sports,2016,,,,1,0,0,0,0,NA,NA
3502,Pocoyo Carnival,2015,,,,1,0,0,0,0,NA,NA
3503,The Mitfords: A Tale of Two Sisters,2017,,,,1,0,0,0,0,episode,NA
3504,A Mission in an Old Movie,2012,,,,1,0,0,0,0,movie,NA
3505,My Wife and My Wifey,2014,,,,1,0,0,0,0,movie,NA
3506,Lorai: Play to Live,2015,,,,1,0,0,0,0,movie,NA
3507,Mission: Destroy Love,2014,,,,1,0,0,0,0,episode,NA
3508,Oh My Ghost 4,2015,,,,1,0,0,0,0,tv series,NA
3509,Sohni Mahiwal,1984,,,,1,0,0,0,0,movie,NA
3510,Twice,2010,,,,1,0,0,0,0,NA,NA
3511,"Karol Modzelewski, Łukasz „Lotek"" Lodkowski No Offense",2016,,,,1,0,0,0,0,NA,NA
3512,​Maj Rati ​​Keteki,2017,,,,1,0,0,0,0,movie,NA
3513,Paradise Lost,2017,,,,1,0,1,0,0,movie,NA
3514,Monty Python Conquers America,2000,,,,1,0,0,0,0,NA,NA
3515,The Consul's Son,2011,,,,1,0,0,0,0,movie,NA
3516,Rehmataan,2012,,,,1,0,0,0,0,movie,NA
3517,Velvet Colección: Grand Finale,2020,,,,1,0,0,0,0,NA,NA
3518,Krish Trish and Baltiboy - Battle of Wits,2013,,,,1,0,0,0,0,NA,NA
3519,Samudri Lootere,2018,,,,1,0,0,0,0,NA,NA
3520,Among Family,2017,,,,1,0,0,0,0,movie,NA
3521,The Jungle School,2013,,,,1,0,0,0,0,movie,NA
3522,Little Baby Bum: Go Buster,2019,,,,1,0,0,0,0,episode,NA
3523,Because of Soccer,2008,,,,1,0,0,0,0,movie,NA
3524,Once In A Lifetime Sessions with Moby,2018,,,,1,0,0,0,0,tv series,NA
3525,Joaquín Reyes: Una y no más,2017,,,,1,0,0,0,0,NA,NA
3526,Pocoyo & Cars,2016,,,,1,0,0,0,0,episode,NA
3527,Los Niños Héroes de Chapultepec,2017,,,,1,0,0,0,0,movie,NA
3528,O amor no divã,2016,,,,1,0,0,0,0,movie,NA
3529,Elles ont toutes une histoire,2016,,,,1,0,0,0,0,movie,NA
3530,Bheemayan,2018,,,,1,0,0,0,0,movie,NA
3531,Oddbods: The Festive Menace,2017,,,,1,0,0,0,0,episode,NA
3532,Little Singham in London,2019,,,,1,0,0,0,0,NA,NA
3533,Krish Trish and Baltiboy: Face Your Fears,2017,,,,1,0,0,0,0,movie,NA
3534,Amit Tandon: Family Tandoncies,2019,,,,1,0,0,0,0,movie,NA
3535,Paulettante Veedu,2016,,,,1,0,0,0,0,movie,NA
3536,VS.,2018,,,,1,0,0,0,0,movie,NA
3537,Real Crime: Supermarket Heist (Tesco Bomber),2010,,,,1,0,0,0,0,NA,NA
3538,Power Rangers Samurai: Party Monsters (Halloween Special),2011,,,,1,0,0,0,0,NA,NA
3539,Once In A Lifetime Sessions with Nile Rodgers,2018,,,,1,0,0,0,0,movie,NA
3540,Antariksha Ke Rakhwale,2018,,,,1,0,0,0,0,NA,NA
3541,ChuChuTV Bedtime Stories & Moral Stories for Kids (English),2019,,,,1,0,0,0,0,NA,NA
3542,Eric Idle's What About Dick?,2012,,,,1,0,0,0,0,video movie,NA
3543,Kacche Dhaagey,2016,,,,1,0,0,0,0,movie,NA
3544,Dragonkala Ka Rahasya,2018,,,,1,0,0,0,0,NA,NA
3545,Kuppivala,2017,,,,1,0,1,0,0,movie,NA
3546,Jake's Buccaneer Blast,2014,7+,,,1,0,0,0,0,tv series,NA
3547,Krish Trish and Baltiboy: Part II,2010,,,,1,0,0,0,0,movie,NA
3548,"Power Rangers Samurai: Christmas Together, Friends Forever (Christmas Special)",2011,,,,1,0,0,0,0,NA,NA
3549,Super Bheem Bana Vajraveer,2018,,,,1,0,0,0,0,NA,NA
3550,Oddbods: Party Monsters,2018,,,,1,1,0,0,0,tv movie,NA
3551,"Tomasz Jachimek, Jacek Stramik Laugh at Live",2016,,,,1,0,0,0,0,NA,NA
3552,Sylvanian Families: A Town of Dreams,2017,,,,1,0,0,0,0,NA,NA
3553,Krish Trish and Baltiboy - Oversmartness Never Pays,2017,,,,1,0,0,0,0,NA,NA
3554,ChuChuTV Surprise Eggs Learning Videos (English),2019,,,,1,0,0,0,0,NA,NA
3555,ChuChuTV Surprise Eggs Learning Videos (Hindi),2019,,,,1,0,0,0,0,NA,NA
3556,Krish Trish and Baltiboy I,2009,,,,1,0,0,0,0,movie,NA
3557,ChuChuTV Bedtime Stories & Moral Stories for Kids (Hindi),2019,,,,1,0,0,0,0,NA,NA
3558,Elles étaient en guerre 1939-1945,2015,,,,1,0,0,0,0,episode,NA
3559,Shikari,1991,,,,1,0,0,0,0,movie,NA
3560,Pocoyo Halloween: Space Halloween,2015,,,,1,0,0,0,0,movie,NA
3561,The Dark Knight,2008,13+,9.0,94%,0,1,0,0,0,movie,NA
3562,GoodFellas,1990,18+,8.7,96%,0,1,0,0,0,movie,NA
3563,Parasite,2019,18+,8.6,99%,0,1,1,0,0,movie,NA
3564,Good Will Hunting,1997,18+,8.3,97%,0,1,0,0,0,movie,NA
3565,The Green Mile,1999,18+,8.6,78%,0,1,0,0,0,movie,NA
3566,Batman Begins,2005,13+,8.2,84%,0,1,0,0,0,movie,NA
3567,Grave of the Fireflies,1988,7+,8.5,98%,0,1,0,0,0,movie,NA
3568,Kill Bill: Vol. 1,2003,18+,8.1,85%,0,1,0,0,0,movie,NA
3569,Zombieland,2009,18+,7.6,90%,0,1,1,0,0,movie,NA
3570,A Quiet Place,2018,13+,7.5,95%,0,1,1,0,0,movie,NA
3571,Kill Bill: Vol. 2,2004,18+,8.0,84%,0,1,0,0,0,movie,NA
3572,Let the Right One In,2008,18+,7.9,98%,0,1,0,0,0,movie,NA
3573,True Grit,2010,13+,7.6,96%,0,1,1,0,0,movie,NA
3574,Akira,1988,18+,8.0,90%,0,1,0,0,0,movie,NA
3575,50/50,2011,18+,7.6,93%,0,1,0,0,0,movie,NA
3576,Hunt for the Wilderpeople,2016,13+,7.9,96%,0,1,0,0,0,movie,NA
3577,The Graduate,1967,7+,8.0,86%,0,1,0,0,0,movie,NA
3578,Portrait of a Lady on Fire,2019,18+,8.2,98%,0,1,0,0,0,movie,NA
3579,Misery,1990,18+,7.8,90%,0,1,0,0,0,movie,NA
3580,The Conjuring,2013,18+,7.5,85%,0,1,0,0,0,movie,NA
3581,Free Solo,2018,13+,8.2,97%,0,1,0,1,0,movie,NA
3582,Captain Fantastic,2016,18+,7.9,82%,0,1,0,0,0,movie,NA
3583,"I, Tonya",2017,18+,7.5,89%,0,1,0,0,0,movie,NA
3584,Blazing Saddles,1974,18+,7.7,89%,0,1,0,0,0,movie,NA
3585,Shoplifters,2018,18+,8.0,99%,0,1,0,0,0,movie,NA
3586,Up in the Air,2009,18+,7.4,91%,0,1,1,0,0,movie,NA
3587,The Cabin in the Woods,2012,18+,7.0,92%,0,1,1,0,0,movie,NA
3588,How to Train Your Dragon: The Hidden World,2019,7+,7.5,91%,0,1,0,0,0,movie,NA
3589,Escape from Alcatraz,1979,7+,7.6,96%,0,1,1,0,0,movie,NA
3590,Star Trek II: The Wrath of Khan,1982,7+,7.7,87%,0,1,1,0,0,movie,NA
3591,Apollo 11,2019,all,8.2,99%,0,1,0,0,0,movie,NA
3592,Booksmart,2019,18+,7.2,97%,0,1,0,0,0,movie,NA
3593,Super 8,2011,13+,7.0,81%,0,1,1,0,0,movie,NA
3594,Mission: Impossible - Fallout,2018,13+,7.7,97%,0,1,1,0,0,movie,NA
3595,Coherence,2013,7+,7.2,88%,0,1,1,0,0,movie,NA
3596,Annihilation,2018,18+,6.9,88%,0,1,1,0,0,movie,NA
3597,Heathers,1989,18+,7.2,93%,0,1,1,0,0,movie,NA
3598,The Descent,2005,18+,7.2,85%,0,1,1,0,0,movie,NA
3599,The Guilty,2018,18+,7.5,97%,0,1,1,0,0,movie,NA
3600,Fighting with My Family,2019,13+,7.1,93%,0,1,1,0,0,movie,7
3601,Bumblebee,2018,13+,6.8,91%,0,1,1,0,0,movie,NA
3602,Rango,2011,7+,7.2,88%,0,1,1,0,0,movie,NA
3603,Instant Family,2018,13+,7.3,81%,0,1,1,0,0,movie,NA
3604,13 Assassins,2010,18+,7.6,95%,0,1,0,0,0,movie,NA
3605,The Host,2006,18+,7.1,93%,0,1,0,0,0,movie,NA
3606,Volver,2006,18+,7.6,91%,0,1,0,0,0,movie,NA
3607,We Need to Talk About Kevin,2011,18+,7.5,75%,0,1,1,0,0,movie,NA
3608,Let Me In,2010,18+,7.1,88%,0,1,0,0,0,movie,NA
3609,Three Identical Strangers,2018,13+,7.7,97%,0,1,0,0,0,movie,NA
3610,A Simple Favor,2018,18+,6.8,85%,0,1,1,0,0,movie,NA
3611,Creed II,2018,13+,7.1,84%,0,1,1,0,0,movie,NA
3612,Loving Vincent,2017,13+,7.8,85%,0,1,0,0,0,movie,NA
3613,Megamind,2010,7+,7.2,72%,0,1,0,0,0,movie,NA
3614,Honeyland,2019,,8.0,100%,0,1,0,0,0,movie,NA
3615,The Full Monty,1997,18+,7.2,96%,0,1,0,0,0,movie,NA
3616,Abominable,2019,7+,7.0,81%,0,1,1,0,0,movie,NA
3617,The Chaser,2008,13+,7.9,82%,0,1,0,0,0,movie,NA
3618,Hotel Mumbai,2018,18+,7.6,76%,0,1,0,0,0,movie,NA
3619,Nobody Knows,2004,13+,8.1,93%,0,1,0,0,0,movie,NA
3620,Ninja Scroll,1993,18+,7.9,93%,0,1,0,0,0,movie,NA
3621,Chicken Run,2000,all,7.0,97%,0,1,0,0,0,movie,NA
3622,Swingers,1996,18+,7.2,87%,0,1,0,0,0,movie,NA
3623,"Food, Inc.",2008,7+,7.8,95%,0,1,0,0,0,movie,NA
3624,Embrace of the Serpent,2015,,7.9,96%,0,1,1,0,0,movie,NA
3625,Melancholia,2011,18+,7.2,80%,0,1,0,0,0,movie,NA
3626,Minding the Gap,2019,18+,8.1,100%,0,1,0,0,0,movie,NA
3627,The Second Mother,2015,18+,7.8,97%,0,1,1,0,0,movie,NA
3628,Notes on a Scandal,2006,18+,7.4,87%,0,1,0,0,0,movie,NA
3629,Star Trek VI: The Undiscovered Country,1991,7+,7.2,82%,0,1,1,0,0,movie,NA
3630,Love & Mercy,2015,13+,7.4,90%,0,1,1,0,0,movie,NA
3631,A Taxi Driver,2017,,7.8,96%,0,1,0,0,0,movie,NA
3632,The Prince of Egypt,1998,7+,7.1,80%,0,1,0,0,0,movie,NA
3633,Tickled,2016,18+,7.6,94%,0,1,0,0,0,movie,NA
3634,Sorry to Bother You,2018,18+,6.9,93%,0,1,0,0,0,movie,5
3635,The Way Back,2010,13+,7.3,74%,0,1,1,0,0,movie,NA
3636,Detroit,2017,18+,7.3,83%,0,1,0,0,0,movie,NA
3637,Risky Business,1983,18+,6.8,92%,0,1,0,0,0,movie,NA
3638,The Biggest Little Farm,2019,7+,8.1,91%,0,1,0,0,0,movie,NA
3639,Lucky,2017,,7.3,97%,0,1,1,0,0,movie,NA
3640,Border,2018,18+,7.0,97%,0,1,0,0,0,movie,NA
3641,Natural Born Killers,1994,18+,7.3,47%,0,1,0,0,0,movie,NA
3642,If Beale Street Could Talk,2018,18+,7.1,95%,0,1,0,0,0,movie,NA
3643,Horton Hears a Who!,2008,all,6.8,79%,0,1,0,0,0,movie,NA
3644,Romancing the Stone,1984,7+,6.9,84%,0,1,0,0,0,movie,NA
3645,The Beatles: Eight Days a Week - The Touring Years,2016,,7.8,96%,0,1,0,0,0,movie,NA
3646,Phone Booth,2002,18+,7.0,72%,0,1,0,0,0,movie,NA
3647,Gods and Monsters,1998,18+,7.4,95%,0,1,0,0,0,movie,NA
3648,Force Majeure,2014,18+,7.3,94%,0,1,0,0,0,movie,NA
3649,Turtles Can Fly,2005,13+,8.1,88%,0,1,0,0,0,movie,NA
3650,Thelma,2017,,7.0,93%,0,1,0,0,0,movie,NA
3651,The Sisters Brothers,2018,18+,7.0,87%,0,1,0,0,0,movie,1
3652,Tangerine,2015,18+,7.1,96%,0,1,0,0,0,movie,NA
3653,Monos,2019,18+,7.1,92%,0,1,0,0,0,movie,NA
3654,The Nightingale,2019,18+,7.3,86%,0,1,0,0,0,movie,NA
3655,BPM (Beats per Minute),2017,all,7.4,98%,0,1,0,0,0,movie,NA
3656,Bend It Like Beckham,2002,13+,6.6,85%,0,1,0,0,0,movie,NA
3657,Hud,1963,,7.8,82%,0,1,1,0,0,movie,NA
3658,Vice,2018,18+,7.2,66%,0,1,0,0,0,tv series,NA
3659,The Book of Eli,2010,18+,6.9,47%,0,1,0,0,0,movie,NA
3660,The 12th Man,2017,,7.4,86%,0,1,0,0,0,movie,NA
3661,The Messenger,2009,18+,7.1,89%,0,1,1,0,0,movie,NA
3662,Cartel Land,2015,18+,7.4,90%,0,1,1,0,0,movie,NA
3663,Professor Marston and the Wonder Women,2017,18+,7.1,86%,0,1,0,0,0,movie,NA
3664,A Brilliant Young Mind,2014,13+,7.1,87%,0,1,1,0,0,movie,NA
3665,Antz,1998,7+,6.5,93%,0,1,0,0,0,movie,NA
3666,The Next Three Days,2010,13+,7.4,51%,0,1,1,0,0,movie,NA
3667,Megan Leavey,2017,13+,7.1,87%,0,1,0,0,0,movie,NA
3668,Jesus Camp,2006,13+,7.4,87%,0,1,0,0,0,movie,2
3669,RBG,2018,7+,7.5,94%,0,1,0,0,0,movie,NA
3670,Wild Rose,2019,18+,7.2,92%,0,1,0,0,0,movie,NA
3671,Kinsey,2004,18+,7.0,90%,0,1,0,0,0,movie,NA
3672,Demolition Man,1993,18+,6.7,59%,0,1,0,0,0,movie,NA
3673,Spirit: Stallion of the Cimarron,2002,all,7.1,70%,0,1,0,0,0,movie,NA
3674,"The Good, The Bad, The Weird",2008,18+,7.3,82%,0,1,0,0,0,movie,NA
3675,"Waiting for ""Superman""",2010,7+,7.5,90%,0,1,1,0,0,movie,NA
3676,The Skeleton Twins,2014,18+,6.8,87%,0,1,1,0,0,movie,NA
3677,I Can Only Imagine,2018,7+,7.3,61%,0,1,1,0,0,movie,NA
3678,Woman at War,2018,,7.4,97%,0,1,0,0,0,movie,NA
3679,Johnny Guitar,1954,,7.7,93%,0,1,1,0,0,movie,NA
3680,Jane,2017,7+,7.8,98%,0,1,0,1,0,movie,NA
3681,Monster House,2006,7+,6.6,75%,0,1,0,0,0,movie,NA
3682,Hail Satan?,2019,18+,7.3,96%,0,1,0,0,0,movie,NA
3683,Ingrid Goes West,2017,18+,6.6,86%,0,1,0,0,0,movie,NA
3684,Dogman,2018,,7.2,83%,0,1,0,0,0,movie,NA
3685,Anthropoid,2016,18+,7.2,66%,0,1,0,0,0,movie,NA
3686,Missing Link,2019,7+,6.7,89%,0,1,0,0,0,movie,NA
3687,Star Trek III: The Search for Spock,1984,7+,6.7,80%,0,1,1,0,0,movie,NA
3688,Cashback,2006,18+,7.2,46%,0,1,0,0,0,movie,NA
3689,"Juliet, Naked",2018,18+,6.6,83%,0,1,1,0,0,movie,NA
3690,The Absent One,2014,,7.1,92%,0,1,0,0,0,movie,NA
3691,Big Time Adolescence,2020,18+,7.0,84%,0,1,0,0,0,movie,NA
3692,Get Smart,2008,13+,6.5,50%,0,1,0,0,0,tv series,NA
3693,"Life, Animated",2016,7+,7.5,94%,0,1,0,0,0,movie,NA
3694,Sands of Iwo Jima,1949,,7.1,100%,0,1,0,0,0,movie,NA
3695,Killer Joe,2011,18+,6.7,79%,0,1,0,0,0,movie,NA
3696,Sword Art Online: The Movie - Ordinal Scale,2017,13+,7.4,100%,0,1,0,0,0,movie,NA
3697,The Wave,2015,18+,6.7,83%,0,1,0,0,0,movie,NA
3698,Colossal,2016,18+,6.2,81%,0,1,0,0,0,movie,NA
3699,Luce,2019,18+,6.7,91%,0,1,0,0,0,movie,NA
3700,Oculus,2014,18+,6.5,75%,0,1,0,0,0,movie,NA
3701,Standing in the Shadows of Motown,2002,7+,7.8,91%,0,1,1,0,0,movie,NA
3702,Borg vs McEnroe,2017,18+,6.9,84%,0,1,0,0,0,movie,NA
3703,Denial,2016,13+,6.7,82%,0,1,0,0,0,movie,NA
3704,Best of Enemies,2015,18+,7.6,93%,0,1,0,0,0,movie,NA
3705,Prospect,2018,13+,6.2,89%,0,1,0,0,0,movie,NA
3706,Arbitrage,2012,18+,6.6,88%,0,1,1,0,0,movie,NA
3707,Plus One,2019,,6.6,89%,0,1,0,0,0,movie,NA
3708,Active Measures,2018,13+,7.9,80%,0,1,0,0,0,movie,NA
3709,Amazing Grace,2018,all,7.5,99%,0,1,0,0,0,tv series,NA
3710,The Art of Self-Defense,2019,18+,6.7,84%,0,1,0,0,0,movie,NA
3711,The Clovehitch Killer,2018,13+,6.5,78%,0,1,0,0,0,movie,NA
3712,Rare Exports: A Christmas Tale,2010,18+,6.7,89%,0,1,1,0,0,movie,NA
3713,Venus in Fur,2013,,7.2,89%,0,1,0,0,0,movie,NA
3714,Jackass 3D,2010,18+,7.0,65%,0,1,1,0,0,movie,NA
3715,I Kill Giants,2018,13+,6.2,77%,0,1,0,0,0,movie,NA
3716,The Queen of Versailles,2012,7+,7.1,95%,0,1,0,0,0,movie,NA
3717,2 Days in Paris,2007,18+,6.8,87%,0,1,1,0,0,movie,NA
3718,The Wrecking Crew,2008,7+,7.6,94%,0,1,0,0,0,movie,NA
3719,The Villainess,2017,,6.7,84%,0,1,0,0,0,movie,NA
3720,Europa Report,2013,13+,6.4,81%,0,1,0,0,0,movie,NA
3721,The Cooler,2003,18+,6.9,77%,0,1,1,0,0,movie,NA
3722,In the Fade,2017,18+,7.1,77%,0,1,0,0,0,movie,NA
3723,The Road to El Dorado,2000,7+,6.9,48%,0,1,0,0,0,movie,NA
3724,Christine,2016,18+,6.9,88%,0,1,0,0,0,movie,NA
3725,Hearts Beat Loud,2018,13+,6.9,91%,0,1,0,0,0,movie,NA
3726,Whitney,2018,18+,7.3,88%,0,1,0,0,0,tv series,NA
3727,Angel of Mine,2019,18+,6.5,71%,0,1,0,0,0,movie,NA
3728,Hounds of Love,2016,,6.5,88%,0,1,0,0,0,movie,NA
3729,Pawn Sacrifice,2015,13+,7.0,72%,0,1,0,0,0,movie,NA
3730,Transformers: Dark of the Moon,2011,13+,6.2,35%,0,1,1,0,0,movie,NA
3731,Ben Is Back,2018,18+,6.7,82%,0,1,0,0,0,movie,NA
3732,Wayne's World 2,1993,13+,6.2,61%,0,1,1,0,0,movie,NA
3733,No Strings Attached,2011,18+,6.2,49%,0,1,1,0,0,movie,NA
3734,Along with the Gods: The Two Worlds,2017,7+,7.3,63%,0,1,0,0,0,movie,NA
3735,Young & Beautiful,2013,,6.7,73%,0,1,0,0,0,movie,NA
3736,The Pirates! In an Adventure with Scientists!,2012,7+,6.7,86%,0,1,0,0,0,movie,NA
3737,Lo and Behold: Reveries of the Connected World,2016,13+,7.0,93%,0,1,0,0,0,movie,NA
3738,Operation Finale,2018,13+,6.6,60%,0,1,1,0,0,movie,NA
3739,78/52,2017,,7.3,89%,0,1,0,0,0,movie,NA
3740,Gloria,2013,18+,6.8,99%,0,1,0,0,0,movie,NA
3741,Princess Cyd,2017,,6.7,94%,0,1,0,0,0,movie,NA
3742,The Domestics,2018,18+,5.7,100%,0,1,1,0,0,movie,NA
3743,Andy Irons: Kissed by God,2018,,8.3,100%,0,1,1,0,0,movie,NA
3744,Joe Strummer: The Future Is Unwritten,2007,,7.6,89%,0,1,0,0,0,movie,NA
3745,The Commuter,2018,13+,6.3,56%,0,1,1,0,0,movie,NA
3746,Dirty Wars,2013,,7.5,85%,0,1,0,0,0,movie,NA
3747,Soul Food,1997,18+,7.0,81%,0,1,0,0,0,movie,NA
3748,Sidewalls,2011,13+,7.5,67%,0,1,0,0,0,movie,NA
3749,Miss Stevens,2016,,6.6,91%,0,1,0,0,0,movie,NA
3750,Footloose,2011,13+,5.9,69%,0,1,1,0,0,movie,NA
3751,Charlotte's Web,1973,all,6.9,76%,0,1,1,0,0,movie,NA
3752,Shirley Valentine,1989,18+,7.2,73%,0,1,0,0,0,movie,NA
3753,Drinking Buddies,2013,18+,6.1,83%,0,1,0,0,0,movie,NA
3754,The Keeper of Lost Causes,2013,,7.2,70%,0,1,0,0,0,movie,NA
3755,Sea of Shadows,2019,13+,7.2,94%,0,1,0,0,0,movie,NA
3756,Oh Lucy!,2017,,6.8,98%,0,1,0,0,0,movie,NA
3757,The Spy Who Dumped Me,2018,18+,6.0,49%,0,1,1,0,0,movie,NA
3758,Skate Kitchen,2018,18+,6.8,89%,0,1,0,0,0,movie,NA
3759,Experimenter,2015,13+,6.6,85%,0,1,0,0,0,movie,NA
3760,What They Had,2018,18+,6.6,87%,0,1,0,0,0,movie,NA
3761,Burn,2012,,7.5,100%,0,1,1,0,0,movie,NA
3762,Margarita with a Straw,2015,13+,7.2,86%,0,1,1,0,0,movie,NA
3763,Odd Thomas,2013,13+,6.8,38%,0,1,1,0,0,movie,2
3764,Every Day,2018,13+,6.4,63%,0,1,1,0,0,movie,NA
3765,Nothing Like a Dame,2018,,7.3,99%,0,1,0,0,0,movie,NA
3766,Brian Banks,2019,13+,7.1,61%,0,1,0,0,0,movie,NA
3767,It's a Disaster,2013,18+,6.4,79%,0,1,1,0,0,movie,NA
3768,The Little Death,2014,,7.1,61%,0,1,0,0,0,movie,NA
3769,Becoming Bond,2017,18+,7.5,81%,0,1,0,0,0,movie,NA
3770,After the Screaming Stops,2018,18+,7.1,100%,0,1,0,0,0,movie,NA
3771,Slums of Beverly Hills,1998,18+,6.6,80%,0,1,0,0,0,movie,NA
3772,Lords of Chaos,2019,18+,6.5,74%,0,1,0,0,0,movie,NA
3773,The Frozen Ground,2013,18+,6.4,61%,0,1,1,0,0,movie,NA
3774,Paranoid Park,2007,18+,6.7,76%,0,1,0,0,0,movie,NA
3775,The Hunchback of Notre Dame,1923,,7.3,91%,0,1,0,1,0,movie,NA
3776,Support the Girls,2018,18+,6.4,91%,0,1,0,0,0,movie,NA
3777,The China Hustle,2018,18+,7.2,77%,0,1,0,0,0,movie,NA
3778,Paranormal Activity 3,2011,18+,5.8,67%,0,1,0,0,0,movie,NA
3779,Death Wish,2018,18+,6.4,18%,0,1,1,0,0,movie,NA
3780,Cold Case Hammarskjöld,2019,,7.6,83%,0,1,0,0,0,movie,NA
3781,Anna and the Apocalypse,2017,18+,6.0,77%,0,1,1,0,0,movie,NA
3782,Somm,2013,,7.0,79%,0,1,0,0,0,movie,NA
3783,"Love, Gilda",2018,,7.4,89%,0,1,0,0,0,movie,NA
3784,Star Trek: Insurrection,1998,7+,6.4,55%,0,1,1,0,0,movie,NA
3785,Bad Company,1972,7+,7.0,92%,0,1,1,0,0,movie,NA
3786,Dior and I,2015,18+,7.3,84%,0,1,1,0,0,movie,NA
3787,"Where'd You Go, Bernadette",2019,13+,6.5,49%,0,1,0,0,0,movie,NA
3788,Gorky Park,1983,18+,6.8,75%,0,1,1,0,0,movie,NA
3789,Beach Rats,2017,18+,6.4,85%,0,1,0,0,0,movie,NA
3790,Manderlay,2005,,7.3,50%,0,1,0,0,0,movie,NA
3791,High Strung,2016,7+,6.4,75%,0,1,1,0,0,movie,NA
3792,The Last Days,2013,,6.1,89%,0,1,1,0,0,movie,NA
3793,Free Willy,1993,7+,6.0,58%,0,1,0,0,0,movie,NA
3794,First Girl I Loved,2016,,6.1,89%,0,1,0,0,0,movie,NA
3795,Man on a Ledge,2012,13+,6.6,32%,0,1,1,0,0,movie,NA
3796,Barking Dogs Never Bite,2000,,7.0,67%,0,1,0,0,0,movie,NA
3797,Destroyer,2018,18+,6.2,74%,0,1,0,0,0,movie,NA
3798,Meek's Cutoff,2010,7+,6.5,86%,0,1,1,0,0,movie,NA
3799,No One Knows About Persian Cats,2009,,7.1,95%,0,1,0,0,0,movie,NA
3800,Villains,2019,18+,6.2,84%,0,1,0,0,0,movie,NA
3801,The Limehouse Golem,2016,,6.3,74%,0,1,0,0,0,movie,NA
3802,Walking Tall,1973,18+,7.0,75%,0,1,0,0,0,movie,NA
3803,Tragedy Girls,2017,18+,6.0,82%,0,1,0,0,0,movie,NA
3804,Pet Sematary,2019,18+,5.7,58%,0,1,1,0,0,movie,NA
3805,The Overnight,2015,18+,6.1,83%,0,1,1,0,0,movie,NA
3806,Star Trek: The Motion Picture,1979,7+,6.4,42%,0,1,1,0,0,movie,NA
3807,Crime + Punishment,2018,,7.4,92%,0,1,0,0,0,movie,NA
3808,Vincere,2009,,6.9,92%,0,1,0,0,0,movie,NA
3809,Southbound,2015,18+,5.9,80%,0,1,1,0,0,movie,NA
3810,The Quake,2018,13+,6.2,84%,0,1,0,0,0,movie,NA
3811,American Ultra,2015,18+,6.1,43%,0,1,1,0,0,movie,NA
3812,Hellbound: Hellraiser II,1988,18+,6.5,52%,0,1,1,0,0,movie,NA
3813,The Hero,2017,18+,6.5,78%,0,1,0,0,0,movie,NA
3814,Tom of Finland,2017,,6.8,83%,0,1,0,0,0,movie,NA
3815,Fyre Fraud,2019,,6.8,76%,0,1,0,0,0,movie,NA
3816,David Crosby: Remember My Name,2019,18+,7.2,91%,0,1,0,0,0,movie,NA
3817,Gilbert,2017,18+,7.4,95%,0,1,0,0,0,movie,NA
3818,Framing John DeLorean,2019,,6.4,89%,0,1,0,0,0,movie,NA
3819,Marrowbone,2017,18+,6.6,47%,0,1,0,0,0,movie,NA
3820,Kusama : Infinity,2018,,7.2,93%,0,1,0,0,0,movie,NA
3821,Please Stand By,2018,13+,6.7,58%,0,1,0,0,0,tv series,NA
3822,Those People,2015,,6.5,80%,0,1,0,0,0,movie,NA
3823,The Time That Remains,2009,13+,7.1,84%,0,1,0,0,0,movie,NA
3824,The Mexican,2001,18+,6.1,54%,0,1,0,0,0,movie,NA
3825,Paranormal Activity 2,2010,18+,5.6,59%,0,1,1,0,0,movie,NA
3826,Red Dog: True Blue,2016,,6.4,100%,0,1,0,0,0,movie,NA
3827,Assassination Nation,2018,18+,5.9,73%,0,1,0,0,0,movie,NA
3828,Friends with Kids,2012,18+,6.1,67%,0,1,1,0,0,movie,NA
3829,Diana Vreeland: The Eye Has to Travel,2012,13+,7.5,94%,0,1,0,0,0,movie,NA
3830,I Remember You,2017,18+,6.1,86%,0,1,1,0,0,movie,NA
3831,Forever My Girl,2018,7+,6.7,24%,0,1,1,0,0,movie,NA
3832,The Furies,1950,,7.3,83%,0,1,0,0,0,movie,NA
3833,Meeting Gorbachev,2019,,7.2,88%,0,1,0,0,0,movie,NA
3834,Welcome to the Rileys,2010,18+,7.0,54%,0,1,1,0,0,movie,NA
3835,Hector and the Search for Happiness,2014,18+,7.0,37%,0,1,0,0,0,movie,NA
3836,Bad Reputation,2018,18+,7.3,79%,0,1,0,0,0,movie,NA
3837,Waiting to Exhale,1995,18+,5.9,56%,0,1,0,0,0,movie,NA
3838,Pyewacket,2017,,5.8,82%,0,1,0,0,0,movie,NA
3839,The Swan Princess,1994,all,6.4,50%,0,1,0,0,0,movie,NA
3840,Grabbers,2012,,6.3,72%,0,1,0,0,0,movie,NA
3841,Aniara,2019,18+,6.2,70%,0,1,0,0,0,movie,NA
3842,The Housemaid,2010,,6.4,70%,0,1,0,0,0,movie,NA
3843,Little Woods,2018,18+,6.1,96%,0,1,0,0,0,movie,NA
3844,"Elvira, Mistress of the Dark",1988,13+,6.6,47%,0,1,1,0,0,episode,1
3845,In Search of Greatness,2018,13+,6.6,92%,0,1,0,0,0,movie,NA
3846,Food Evolution,2017,7+,7.0,100%,0,1,0,0,0,movie,NA
3847,Sinbad: Legend of the Seven Seas,2003,7+,6.7,45%,0,1,0,0,0,movie,NA
3848,The Den,2013,18+,6.0,76%,0,1,0,0,0,movie,NA
3849,Wolf Warrior 2,2017,,6.0,69%,0,1,0,0,0,movie,NA
3850,Dumb: The Story of Big Brother Magazine,2017,18+,7.2,100%,0,1,0,0,0,movie,NA
3851,Goodbye First Love,2011,,6.6,83%,0,1,0,0,0,movie,NA
3852,The 33,2015,13+,6.9,48%,0,1,0,0,0,movie,NA
3853,Mike Wallace Is Here,2019,13+,7.2,94%,0,1,0,0,0,movie,NA
3854,March of the Penguins 2,2017,7+,6.6,100%,0,1,0,0,0,movie,NA
3855,Teen Spirit,2019,13+,6.1,71%,0,1,0,1,0,movie,NA
3856,Seymour: An Introduction,2015,7+,7.4,100%,0,1,0,0,0,movie,NA
3857,The Man Who Killed Hitler and Then the Bigfoot,2019,18+,5.6,76%,0,1,0,0,0,movie,NA
3858,The Childhood of a Leader,2016,,6.1,89%,0,1,0,0,0,movie,NA
3859,The Standoff at Sparrow Creek,2019,,6.2,77%,0,1,0,0,0,movie,NA
3860,A Very Sordid Wedding,2017,18+,5.3,86%,0,1,1,0,0,movie,NA
3861,Toni Morrison: The Pieces I Am,2019,13+,7.1,97%,0,1,0,0,0,movie,NA
3862,Dina,2017,,6.8,98%,0,1,0,0,0,movie,NA
3863,Dog Days,2018,7+,6.2,63%,0,1,0,0,0,movie,NA
3864,Monsters and Men,2018,18+,5.7,86%,0,1,0,0,0,movie,NA
3865,The Canal,2014,,5.8,71%,0,1,1,0,0,movie,NA
3866,Leap Year,2010,7+,6.5,23%,0,1,0,0,0,movie,NA
3867,Raise Hell: The Life & Times of Molly Ivins,2019,,7.6,94%,0,1,0,0,0,movie,2
3868,Under the Tree,2017,,6.8,85%,0,1,0,0,0,movie,NA
3869,The League of Extraordinary Gentlemen,2003,13+,5.8,17%,0,1,0,0,0,movie,NA
3870,Hello I Must Be Going,2012,18+,6.2,75%,0,1,1,0,0,movie,NA
3871,Two Trains Runnin',2016,,7.4,100%,0,1,0,0,0,movie,NA
3872,The Jewel of the Nile,1985,7+,6.1,50%,0,1,0,0,0,movie,NA
3873,Middle Men,2009,18+,6.8,40%,0,1,1,0,0,movie,NA
3874,Before I Go to Sleep,2014,18+,6.3,37%,0,1,0,0,0,movie,NA
3875,Eating Animals,2018,,7.3,91%,0,1,0,0,0,movie,NA
3876,Mom and Dad,2018,18+,5.5,75%,0,1,0,0,0,movie,NA
3877,Touched with Fire,2016,18+,6.2,68%,0,1,1,0,0,movie,NA
3878,Cunningham,2019,7+,6.4,88%,0,1,0,0,0,movie,NA
3879,Starfish,2018,,5.3,90%,0,1,1,0,0,movie,NA
3880,The Yellow Handkerchief,2009,13+,6.7,66%,0,1,1,0,0,movie,NA
3881,The First Monday in May,2016,13+,7.2,78%,0,1,0,0,0,movie,NA
3882,The Miracle Season,2018,7+,6.5,51%,0,1,0,0,0,movie,NA
3883,Burden,2016,,6.9,97%,0,1,0,0,0,movie,NA
3884,Downsizing,2017,18+,5.7,47%,0,1,1,0,0,movie,NA
3885,Lowlife,2017,,6.2,91%,0,1,1,0,0,movie,NA
3886,The Blue Room,2014,18+,6.3,90%,0,1,0,0,0,movie,NA
3887,The Chumscrubber,2005,18+,6.9,37%,0,1,0,0,0,movie,NA
3888,Pledge,2019,,5.4,76%,0,1,0,0,0,movie,NA
3889,Universal Soldier,1992,18+,6.0,29%,0,1,0,0,0,movie,NA
3890,Non-Fiction,2018,18+,6.5,87%,0,1,0,0,0,movie,NA
3891,Larger than Life: The Kevyn Aucoin Story,2017,,8.3,90%,0,1,0,0,0,movie,NA
3892,The Bookshop,2017,7+,6.5,57%,0,1,1,0,0,movie,NA
3893,Baskın,2015,,5.8,79%,0,1,0,0,0,movie,NA
3894,A Life Less Ordinary,1997,18+,6.4,39%,0,1,0,0,0,movie,NA
3895,Girls Just Want to Have Fun,1985,7+,6.0,38%,0,1,1,0,0,movie,NA
3896,The Ant Bully,2006,7+,5.8,62%,0,1,0,0,0,movie,NA
3897,Overboard,2018,13+,6.0,24%,0,1,1,0,0,movie,NA
3898,Henry Gamble's Birthday Party,2015,18+,6.1,83%,0,1,1,0,0,movie,NA
3899,"Nico, 1988",2017,18+,6.7,92%,0,1,0,0,0,movie,NA
3900,Diane,2019,,6.7,88%,0,1,0,0,0,movie,NA
3901,Joshy,2016,18+,5.9,81%,0,1,0,0,0,movie,NA
3902,Leaving,2009,,6.2,68%,0,1,0,0,0,tv mini series,NA
3903,Finding Your Feet,2017,13+,6.7,70%,0,1,1,0,0,movie,NA
3904,The Princess of Montpensier,2010,,6.4,85%,0,1,0,0,0,movie,NA
3905,Citizen Jane: Battle for the City,2017,,6.9,95%,0,1,0,0,0,movie,NA
3906,High-Rise,2015,18+,5.6,60%,0,1,0,0,0,movie,NA
3907,Unlocked,2017,18+,6.2,26%,0,1,0,0,0,movie,NA
3908,Far From The Tree,2017,,7.5,90%,0,1,0,0,0,movie,NA
3909,Freak Show,2018,,6.7,54%,0,1,0,0,0,movie,NA
3910,C.S.A.: The Confederate States of America,2005,13+,6.4,80%,0,1,0,0,0,movie,NA
3911,AWOL,2017,,5.5,93%,0,1,1,0,0,movie,NA
3912,Haze,2017,18+,5.9,88%,0,1,1,0,0,movie,NA
3913,Maze,2017,,5.9,92%,0,1,0,0,0,movie,NA
3914,Legion of Brothers,2017,16+,5.7,100%,0,1,0,0,0,movie,NA
3915,Mister America,2019,18+,6.4,66%,0,1,0,0,0,movie,NA
3916,The Archer,2017,,5.1,80%,0,1,0,0,0,movie,NA
3917,Tank Girl,1995,18+,5.3,40%,0,1,0,0,0,movie,NA
3918,Little Joe,2019,,5.9,68%,0,1,0,0,0,movie,NA
3919,Scotch: A Golden Dream,2019,,7.5,75%,0,1,1,0,0,movie,NA
3920,The Prodigy,2019,18+,5.8,42%,0,1,1,0,0,movie,NA
3921,Divide and Conquer: The Story of Roger Ailes,2018,,7.0,90%,0,1,0,0,0,movie,NA
3922,This Is Not Berlin,2019,18+,6.6,82%,0,1,0,0,0,movie,NA
3923,The Last Word,2017,18+,6.6,40%,0,1,0,0,0,movie,NA
3924,The Hustle,2019,13+,5.4,14%,0,1,1,0,0,movie,NA
3925,The Unicorn,2019,,5.1,91%,0,1,1,0,0,tv series,NA
3926,Whose Streets?,2017,18+,5.0,98%,0,1,0,0,0,movie,NA
3927,Vox Lux,2018,18+,5.9,61%,0,1,0,0,0,movie,NA
3928,Take Every Wave: The Life of Laird Hamilton,2018,7+,7.3,76%,0,1,0,0,0,movie,NA
3929,Leaning Into the Wind: Andy Goldsworthy,2018,7+,6.7,98%,0,1,0,0,0,movie,NA
3930,The Amazing Johnathan Documentary,2019,,6.6,80%,0,1,0,0,0,movie,1
3931,Unmade Beds,2009,,6.6,76%,0,1,0,0,0,movie,NA
3932,Case 39,2009,18+,6.2,21%,0,1,1,0,0,movie,NA
3933,The X Files: I Want to Believe,2008,13+,5.9,31%,0,1,0,0,0,movie,NA
3934,The Gospel According to André,2018,13+,6.3,86%,0,1,0,0,0,movie,3
3935,A Good Old Fashioned Orgy,2011,18+,6.1,35%,0,1,1,0,0,movie,NA
3936,Children of the Corn,1984,18+,5.7,35%,0,1,1,0,0,movie,NA
3937,The Osiris Child,2016,,5.6,65%,0,1,0,0,0,movie,NA
3938,Friday the 13th: The Final Chapter,1984,18+,6.0,20%,0,1,1,0,0,movie,NA
3939,Ballet 422,2014,7+,6.2,87%,0,1,0,0,0,movie,NA
3940,Shelley,2016,,5.2,92%,0,1,0,0,0,movie,NA
3941,The Escape,2018,,5.8,77%,0,1,0,0,0,movie,NA
3942,Where Hands Touch,2018,13+,6.2,40%,0,1,0,0,0,movie,NA
3943,The Myth of the American Sleepover,2011,,6.3,81%,0,1,0,0,0,movie,NA
3944,Jawline,2019,,5.9,96%,0,1,0,0,0,movie,NA
3945,Anchor and Hope,2017,,6.4,75%,0,1,0,0,0,movie,NA
3946,Antiviral,2012,,5.7,66%,0,1,0,0,0,movie,NA
3947,Flower,2017,18+,6.0,50%,0,1,0,0,0,movie,NA
3948,All Square,2018,18+,5.8,91%,0,1,0,0,0,movie,NA
3949,The Day Shall Come,2019,,5.8,65%,0,1,0,0,0,movie,NA
3950,Depraved,2019,,5.3,87%,0,1,0,0,0,movie,NA
3951,Wonder Park,2019,7+,5.8,34%,0,1,1,0,0,movie,NA
3952,Go Tigers!,2001,18+,7.2,85%,0,1,0,0,0,movie,NA
3953,Already Tomorrow in Hong Kong,2016,,6.5,74%,0,1,0,0,0,movie,NA
3954,We Are What We Are,2010,,5.7,72%,0,1,1,0,0,movie,NA
3955,Hungry Hearts,2015,,6.4,63%,0,1,0,0,0,movie,NA
3956,The Tall Man,2012,18+,5.9,41%,0,1,1,0,0,movie,NA
3957,Scenic Route,2013,18+,6.5,67%,0,1,0,0,0,movie,NA
3958,Ms. Purple,2019,,6.0,86%,0,1,0,0,0,movie,NA
3959,What Men Want,2019,18+,5.2,42%,0,1,1,0,0,movie,NA
3960,A Crooked Somebody,2018,18+,6.2,80%,0,1,0,0,0,movie,NA
3961,The Kid,2019,18+,5.9,45%,0,1,1,1,0,movie,NA
3962,Do I Sound Gay?,2015,,5.7,81%,0,1,0,0,0,movie,NA
3963,The Beach Bum,2019,18+,5.5,56%,0,1,0,0,0,movie,NA
3964,The Whistle Blower,1986,7+,6.2,88%,0,1,1,0,0,movie,NA
3965,Road Games,2015,,5.4,84%,0,1,0,0,0,movie,NA
3966,Let the Sunshine In,2017,,6.0,86%,0,1,0,0,0,movie,NA
3967,Wild Card,2015,18+,5.6,32%,0,1,1,0,0,movie,NA
3968,Æon Flux,2005,13+,5.4,9%,0,1,0,0,0,movie,NA
3969,Brick Mansions,2014,13+,5.7,25%,0,1,0,0,0,movie,NA
3970,Planet 51,2009,7+,6.0,22%,0,1,0,0,0,movie,NA
3971,Padre nuestro,2007,18+,6.9,79%,0,1,0,0,0,movie,NA
3972,Run the Race,2019,7+,5.9,40%,0,1,1,0,0,movie,NA
3973,Ramen Heads,2017,,7.1,63%,0,1,0,0,0,movie,NA
3974,Beyond the Gates,2016,13+,5.2,83%,0,1,0,0,0,movie,NA
3975,House of D,2004,13+,7.0,10%,0,1,1,0,0,movie,NA
3976,The Devil's Doorway,2018,,5.2,78%,0,1,0,0,0,movie,NA
3977,Changeland,2019,18+,5.7,63%,0,1,0,0,0,movie,NA
3978,The Year of Spectacular Men,2018,,5.6,67%,0,1,0,0,0,movie,NA
3979,In Paris,2006,,6.5,60%,0,1,0,0,0,movie,NA
3980,Trigun: Badlands Rumble,2010,16+,7.5,,0,1,0,0,0,movie,NA
3981,Digging for Fire,2015,18+,5.8,66%,0,1,1,0,0,movie,NA
3982,Before We Vanish,2017,18+,6.0,80%,0,1,0,0,0,movie,NA
3983,Here to be Heard: The Story of the Slits,2018,13+,7.1,67%,0,1,0,0,0,movie,NA
3984,The Lorax,1972,7+,8.0,,0,1,0,0,0,movie,NA
3985,Stella's Last Weekend,2018,,6.4,65%,0,1,0,0,0,movie,NA
3986,Kiki,2017,,6.5,81%,0,1,0,0,0,movie,NA
3987,Midnighters,2018,,5.4,81%,0,1,0,0,0,movie,NA
3988,The Brink,2019,18+,6.1,84%,0,1,1,0,0,tv series,NA
3989,Damsel,2018,18+,5.5,67%,0,1,0,0,0,movie,NA
3990,Killing Them Safely,2015,,6.5,91%,0,1,0,0,0,movie,NA
3991,Conan the Barbarian,2011,18+,5.2,25%,0,1,1,0,0,movie,NA
3992,Family Law,2006,,6.9,73%,0,1,0,0,0,tv series,NA
3993,Cantinflas,2014,7+,6.5,45%,0,1,1,0,0,movie,NA
3994,Madea's Big Happy Family,2011,13+,4.7,37%,0,1,1,0,0,movie,NA
3995,What We Become,2015,,5.6,78%,0,1,0,0,0,movie,NA
3996,Free Birds,2013,7+,5.9,19%,0,1,0,0,0,movie,NA
3997,Righteous Kill,2008,18+,6.0,18%,0,1,0,0,0,movie,NA
3998,I Still See You,2018,13+,5.8,8%,0,1,1,0,0,movie,NA
3999,Men with Brooms,2002,18+,5.7,55%,0,1,0,0,0,movie,NA
4000,The Girl King,2015,,5.9,42%,0,1,1,0,0,movie,NA
4001,Foxfire,1996,18+,6.2,27%,0,1,1,0,0,movie,NA
4002,WolfCop,2014,,5.5,65%,0,1,0,0,0,movie,NA
4003,Star Trek V: The Final Frontier,1989,7+,5.5,22%,0,1,1,0,0,movie,NA
4004,Pilgrimage,2017,,5.8,69%,0,1,0,0,0,movie,NA
4005,UglyDolls,2019,7+,4.9,27%,0,1,0,0,0,movie,NA
4006,Vita & Virginia,2019,,5.7,41%,0,1,0,0,0,movie,NA
4007,Dementia,2015,,5.1,77%,0,1,0,0,0,movie,NA
4008,Acrimony,2018,18+,5.8,17%,0,1,1,0,0,movie,NA
4009,Afro Samurai: Resurrection,2009,18+,7.2,,0,1,0,0,0,tv movie,NA
4010,Friday the 13th Part III,1982,18+,5.7,12%,0,1,1,0,0,movie,2
4011,Fun in Acapulco,1963,7+,5.9,57%,0,1,0,0,0,movie,NA
4012,Mad to Be Normal,2017,,6.0,64%,0,1,0,0,0,movie,NA
4013,The Last Race,2018,,5.9,93%,0,1,0,0,0,movie,NA
4014,Undrafted,2016,,6.4,25%,0,1,0,0,0,movie,NA
4015,2:22,2017,13+,5.8,22%,0,1,0,0,0,movie,NA
4016,The Cleanse,2018,18+,5.3,83%,0,1,0,0,0,movie,NA
4017,Take My Nose... Please!,2017,,6.8,83%,0,1,0,0,0,movie,NA
4018,10x10,2018,18+,5.0,67%,0,1,0,0,0,movie,NA
4019,Harry Benson: Shoot First,2016,,7.3,85%,0,1,0,0,0,movie,NA
4020,The Reagan Show,2017,7+,6.4,79%,0,1,0,0,0,movie,NA
4021,"Race for Your Life, Charlie Brown",1977,all,7.3,,0,1,1,0,0,movie,NA
4022,Fairy Tail the Movie: Phoenix Priestess,2012,13+,7.1,,0,1,0,0,0,movie,NA
4023,Tiny Toon Adventures: How I Spent My Vacation,1992,,8.0,,0,1,0,0,0,video movie,NA
4024,Proxy,2013,,5.7,64%,0,1,0,0,0,movie,NA
4025,Welcome to Mercy,2018,,4.9,70%,0,1,0,0,0,movie,NA
4026,Permanent,2017,13+,5.5,44%,0,1,1,0,0,movie,NA
4027,Terminal,2018,,5.4,21%,0,1,0,0,0,movie,NA
4028,Walking with the Enemy,2014,13+,6.4,45%,0,1,0,0,0,movie,NA
4029,Crash Pad,2017,18+,5.7,54%,0,1,1,0,0,movie,NA
4030,Abduction,2011,13+,5.1,5%,0,1,1,0,0,movie,NA
4031,The Big Wedding,2013,18+,5.6,7%,0,1,1,0,0,movie,NA
4032,Spinning Man,2018,18+,5.6,42%,0,1,0,0,0,movie,2
4033,Golden Exits,2018,18+,5.8,67%,0,1,0,0,0,movie,NA
4034,Madea's Witness Protection,2012,13+,4.9,19%,0,1,1,0,0,movie,NA
4035,Playing It Cool,2014,18+,6.0,14%,0,1,1,0,0,movie,NA
4036,Greener Grass,2019,,6.3,80%,0,1,0,0,0,movie,NA
4037,Errors of the Human Body,2012,,5.3,75%,0,1,0,0,0,movie,NA
4038,Spaceship Earth,2020,,6.5,89%,0,1,0,0,0,movie,NA
4039,The Quiet One,2019,,6.4,67%,0,1,0,0,0,movie,8
4040,The Pink Panther 2,2009,7+,5.6,13%,0,1,1,0,0,movie,NA
4041,Phoenix Forgotten,2017,13+,5.3,44%,0,1,0,0,0,movie,NA
4042,The Duchess of Langeais,2007,,6.5,70%,0,1,0,0,0,movie,NA
4043,Texas Chainsaw 3D,2013,18+,4.8,19%,0,1,1,0,0,movie,NA
4044,Boom for Real: The Late Teenage Years of Jean-Michel Basquiat,2018,,6.5,88%,0,1,0,0,0,movie,NA
4045,American Folk,2018,7+,6.1,76%,0,1,1,0,0,movie,NA
4046,Curvature,2017,,4.8,47%,0,1,0,0,0,movie,NA
4047,The Alchemist Cookbook,2016,18+,5.1,80%,0,1,1,0,0,movie,NA
4048,"I, Frankenstein",2014,13+,5.1,5%,0,1,1,0,0,movie,NA
4049,Love After Love,2018,,5.4,85%,0,1,0,0,0,movie,NA
4050,The Houses October Built,2014,,5.2,60%,0,1,0,0,0,movie,NA
4051,Free Willy 2: The Adventure Home,1995,7+,5.1,31%,0,1,0,0,0,movie,NA
4052,11 Minutes,2015,,5.6,72%,0,1,0,0,0,movie,NA
4053,Running with the Devil,2019,18+,5.4,25%,0,1,0,0,0,movie,NA
4054,28 Hotel Rooms,2012,,5.8,47%,0,1,0,0,0,movie,NA
4055,Bolden,2019,18+,5.6,70%,0,1,1,0,0,movie,NA
4056,The Monkey King 3,2018,,5.5,33%,0,1,0,0,0,movie,NA
4057,Getting Go: The Go Doc Project,2013,,7.0,,0,1,1,0,0,movie,NA
4058,Sherlock Gnomes,2018,7+,5.2,27%,0,1,1,0,0,movie,NA
4059,Batman & Bill,2017,16+,8.0,,0,1,0,0,0,movie,NA
4060,Cruise,2018,18+,5.3,38%,0,1,0,0,0,movie,NA
4061,Distorted,2018,18+,4.9,18%,0,1,0,0,0,movie,NA
4062,The Numbers Station,2013,18+,5.6,30%,0,1,1,0,0,movie,NA
4063,In a Relationship,2018,18+,5.5,60%,0,1,0,0,0,movie,NA
4064,The Female Brain,2017,,5.7,37%,0,1,0,0,0,movie,NA
4065,Rags,2012,all,6.9,,0,1,0,0,0,tv series,NA
4066,The Gardener,2017,,6.9,75%,0,1,1,0,0,movie,NA
4067,100 Streets,2016,,5.7,41%,0,1,0,0,0,movie,NA
4068,Legendary,2010,13+,6.2,19%,0,1,1,0,0,tv series,NA
4069,And So It Goes,2014,13+,5.8,18%,0,1,0,0,0,movie,NA
4070,Chef Flynn,2018,,6.7,73%,0,1,0,0,0,movie,NA
4071,6 Below: Miracle on the Mountain,2017,13+,5.7,22%,0,1,0,0,0,movie,NA
4072,Back in Time,2015,,6.3,,0,1,1,0,0,movie,NA
4073,Tamara,2005,18+,5.1,32%,0,1,0,0,0,movie,NA
4074,Grace Jones: Bloodlight and Bami,2017,7+,6.2,86%,0,1,0,0,0,movie,NA
4075,Racer and the Jailbird,2017,18+,6.3,36%,0,1,0,0,0,movie,NA
4076,Romeo & Juliet,2013,13+,5.8,24%,0,1,0,0,0,tv movie,NA
4077,Time Freak,2018,13+,5.8,,0,1,0,0,0,movie,NA
4078,Who Let the Dogs Out,2019,13+,8.2,100%,0,1,0,0,0,movie,NA
4079,The Cage Fighter,2018,,5.8,94%,0,1,0,0,0,movie,NA
4080,Hollow in the Land,2017,,5.6,57%,0,1,0,0,0,movie,NA
4081,Fun Size,2012,13+,5.4,25%,0,1,1,0,0,movie,NA
4082,Black Gold,2011,18+,6.7,11%,0,1,1,0,0,movie,NA
4083,Long Time Coming: A 1955 Baseball Story,2017,,7.4,67%,0,1,0,0,0,movie,NA
4084,A Kind of Murder,2016,18+,5.3,38%,0,1,0,0,0,movie,NA
4085,Barbie and the Three Musketeers,2009,all,6.1,,0,1,0,0,0,video movie,NA
4086,The Colony,2013,,5.3,21%,0,1,0,0,0,movie,NA
4087,Free Willy 3: The Rescue,1997,7+,4.7,44%,0,1,0,0,0,movie,NA
4088,Black Cop,2017,,5.0,82%,0,1,0,0,0,movie,NA
4089,Vault,2019,18+,5.4,,0,1,1,0,0,movie,NA
4090,Primal,2010,,4.9,75%,0,1,0,0,0,tv series,NA
4091,Dark Shadows: The Haunting of Collinwood,2009,7+,8.0,,0,1,1,0,0,video movie,NA
4092,Nobody's Fool,2018,18+,4.8,24%,0,1,1,0,0,movie,NA
4093,Bare,2015,,5.3,50%,0,1,0,0,0,movie,NA
4094,Once Upon a Time in Venice,2017,18+,5.3,21%,0,1,0,0,0,movie,NA
4095,Passage to Mars,2016,,4.5,29%,0,1,0,0,0,movie,NA
4096,Mapplethorpe,2018,,6.1,30%,0,1,0,0,0,movie,1
4097,Gintama,2017,13+,6.2,20%,0,1,0,0,0,tv series,NA
4098,Dr. Feelgood,2016,16+,6.6,83%,0,1,0,0,0,movie,NA
4099,The Burden,2017,,7.0,97%,0,1,1,0,0,movie,NA
4100,The Tomorrow Man,2019,13+,5.7,42%,0,1,0,0,0,movie,NA
4101,Pokémon the Movie: Volcanion and the Mechanical Marvel,2016,7+,6.0,,0,1,0,0,0,movie,NA
4102,Half Magic,2018,18+,4.6,55%,0,1,0,0,0,movie,NA
4103,Frank Serpico,2017,,6.7,75%,0,1,0,0,0,movie,NA
4104,Bangkok Dangerous,2008,18+,5.4,8%,0,1,0,0,0,movie,NA
4105,XX/XY,2002,18+,5.9,43%,0,1,0,0,0,movie,NA
4106,Girl Most Likely,2012,13+,5.8,22%,0,1,1,0,0,movie,NA
4107,ma ma,2015,18+,6.4,25%,0,1,1,0,0,movie,NA
4108,Havana Motor Club,2015,,7.3,88%,0,1,0,0,0,movie,NA
4109,Knives and Skin,2019,,5.0,68%,0,1,0,0,0,movie,NA
4110,Body at Brighton Rock,2019,18+,5.3,66%,0,1,0,0,0,movie,NA
4111,The Strange Ones,2018,18+,5.0,54%,0,1,0,0,0,movie,NA
4112,Legends of Oz: Dorothy's Return,2014,7+,5.1,17%,0,1,0,0,0,movie,NA
4113,Naz & Maalik,2014,,5.8,79%,0,1,0,0,0,movie,NA
4114,The Snow Queen 3: Fire and Ice,2016,7+,6.2,,0,1,0,0,0,movie,NA
4115,Black Rock,2012,18+,4.7,52%,0,1,0,0,0,movie,NA
4116,Loro 1,2018,,6.7,,0,1,0,0,0,movie,NA
4117,Banking on Bitcoin,2016,7+,6.6,,0,1,0,0,0,movie,NA
4118,The Cokeville Miracle,2015,13+,5.2,,0,1,1,0,0,movie,NA
4119,Trevor Noah: You Laugh But It's True,2011,,7.2,,0,1,0,0,0,NA,NA
4120,The Ramen Girl,2008,13+,6.3,,0,1,0,0,0,movie,NA
4121,Saint,2010,,5.5,55%,0,1,0,0,0,movie,NA
4122,The Boost,1988,18+,6.1,38%,0,1,0,0,0,movie,NA
4123,A Cinderella Christmas,2016,all,6.3,,0,1,0,0,0,tv movie,NA
4124,Manglehorn,2015,13+,5.6,50%,0,1,0,0,0,movie,NA
4125,Matriarch,2018,18+,5.4,,0,1,1,0,0,movie,36
4126,Neat: The Story of Bourbon,2018,,7.4,,0,1,0,0,0,movie,NA
4127,Sheep & Wolves,2016,all,5.8,,0,1,0,0,0,movie,NA
4128,The Prince,2014,18+,4.6,,0,1,0,0,0,movie,NA
4129,The Mountain,2019,,5.5,64%,0,1,0,0,0,movie,NA
4130,Dr. T & the Women,2000,18+,4.6,56%,0,1,1,0,0,movie,NA
4131,Assassination Tango,2002,18+,5.8,47%,0,1,1,0,0,movie,NA
4132,The Pagan King,2018,18+,6.2,,0,1,0,0,0,movie,NA
4133,Sneakerheadz,2015,,6.4,58%,0,1,0,0,0,movie,NA
4134,Casa de los Babys,2003,18+,6.3,58%,0,1,0,0,0,movie,NA
4135,Trespassers,2019,,5.0,59%,0,1,0,0,0,movie,NA
4136,Tracktown,2017,,5.5,73%,0,1,0,0,0,movie,NA
4137,Serena,2014,18+,5.4,16%,0,1,1,0,0,movie,NA
4138,Barbie in A Mermaid Tale 2,2012,all,6.0,,0,1,0,0,0,video movie,NA
4139,Four Lovers,2010,,5.6,,0,1,0,0,0,movie,NA
4140,Barbie in 'A Christmas Carol',2008,all,6.3,,0,1,0,0,0,video movie,NA
4141,Stung,2015,,5.1,53%,0,1,0,0,0,movie,NA
4142,Blind,2017,18+,5.8,19%,0,1,0,0,0,movie,NA
4143,Food Choices,2016,7+,7.3,,0,1,0,0,0,movie,NA
4144,Dismissed,2017,,5.7,,0,1,1,0,0,movie,NA
4145,Trick,2019,,5.0,32%,0,1,0,0,0,movie,NA
4146,The Confessions,2016,,6.1,50%,0,1,1,0,0,movie,NA
4147,Wakko's Wish,1999,all,7.2,,0,1,0,0,0,video movie,NA
4148,K: Missing Kings,2014,16+,7.1,,0,1,0,0,0,movie,NA
4149,Sprung,1997,18+,5.0,22%,0,1,1,0,0,movie,NA
4150,Most Likely to Murder,2018,18+,5.1,62%,0,1,0,0,0,movie,NA
4151,Liz in September,2014,,5.9,,0,1,0,0,0,movie,NA
4152,Astral,2018,18+,5.5,,0,1,0,0,0,movie,NA
4153,Barbie: The Pearl Princess,2013,all,6.2,,0,1,0,0,0,video movie,NA
4154,Raze,2013,18+,5.2,45%,0,1,0,0,0,movie,NA
4155,A Teacher,2013,,4.7,34%,0,1,0,0,0,tv mini series,NA
4156,Hannie Caulder,1971,18+,6.3,,0,1,1,0,0,movie,NA
4157,Daylight's End,2016,,5.4,,0,1,1,0,0,movie,NA
4158,Passport to Paris,1999,all,5.3,,0,1,0,0,0,video movie,NA
4159,Coffin Rock,2009,,5.3,70%,0,1,0,0,0,movie,NA
4160,The Thousand Faces of Dunjia,2017,7+,5.4,33%,0,1,0,0,0,movie,NA
4161,Damascus Cover,2018,18+,5.1,14%,0,1,0,0,0,movie,NA
4162,Wrinkles the Clown,2019,,4.8,71%,0,1,0,0,0,movie,NA
4163,Gator,1976,7+,5.9,,0,1,1,0,0,movie,NA
4164,Get Big,2017,,6.3,,0,1,1,0,0,movie,NA
4165,The Dinner,2017,18+,4.5,46%,0,1,1,0,0,movie,NA
4166,Into the Ashes,2019,,5.6,28%,0,1,0,0,0,movie,NA
4167,A Madea Family Funeral,2019,13+,4.4,12%,0,1,1,0,0,movie,NA
4168,Barbie & Her Sisters in the Great Puppy Adventure,2015,all,6.3,,0,1,0,0,0,video movie,NA
4169,Swindle,2013,all,6.3,,0,1,1,0,0,tv movie,NA
4170,Lemon,2017,,4.6,56%,0,1,0,0,0,movie,NA
4171,Breakup at a Wedding,2013,13+,5.1,67%,0,1,1,0,0,movie,NA
4172,Radioflash,2019,,5.9,,0,1,0,0,0,movie,NA
4173,Action Point,2018,18+,5.1,13%,0,1,1,0,0,movie,NA
4174,Strategic Air Command,1955,,6.4,,0,1,1,0,0,movie,NA
4175,The Treasure,2015,,6.7,,0,1,0,0,0,movie,NA
4176,Tyrel,2018,,5.2,60%,0,1,0,0,0,movie,NA
4177,Some Kind of Hero,1982,18+,5.8,40%,0,1,1,0,0,movie,NA
4178,The Houses October Built 2,2017,,5.4,17%,0,1,0,0,0,movie,NA
4179,Repentance,2014,18+,4.9,20%,0,1,0,0,0,movie,NA
4180,We Die Young,2019,18+,5.3,,0,1,1,0,0,movie,NA
4181,Middle of Nowhere,2008,18+,6.5,,0,1,0,0,0,movie,NA
4182,The Layover,2017,18+,4.7,,0,1,0,0,0,movie,NA
4183,Ismael's Ghosts,2017,18+,5.6,51%,0,1,0,0,0,movie,NA
4184,The Challenge,2016,,6.2,78%,0,1,0,0,0,tv series,NA
4185,Ride,2018,,4.7,,0,1,1,0,0,movie,NA
4186,Billboard Dad,1998,all,5.3,,0,1,0,0,0,video movie,NA
4187,American Gun,2005,18+,6.1,39%,0,1,0,0,0,movie,NA
4188,Devil's Gate,2017,,5.1,33%,0,1,0,0,0,movie,NA
4189,Contracted: Phase II,2015,,5.1,38%,0,1,0,0,0,movie,NA
4190,Silent Tongue,1993,13+,5.3,38%,0,1,1,0,0,movie,NA
4191,Along Came the Devil,2018,16+,3.9,38%,0,1,0,0,0,movie,NA
4192,Status Update,2018,13+,5.7,,0,1,0,0,0,movie,NA
4193,Noma: My Perfect Storm,2015,,6.2,57%,0,1,0,0,0,movie,NA
4194,Furry Vengeance,2010,7+,3.8,,0,1,0,0,0,movie,NA
4195,Coastlines,2002,18+,5.8,48%,0,1,0,0,0,movie,NA
4196,Wounds,2019,18+,4.0,51%,0,1,0,0,0,movie,NA
4197,Crawlers,2020,,5.4,,0,1,0,0,0,movie,NA
4198,Missing 411,2017,,6.4,,0,1,0,0,0,movie,NA
4199,Affairs of State,2018,18+,4.5,,0,1,0,0,0,movie,NA
4200,A Score to Settle,2019,,4.6,15%,0,1,0,0,0,movie,NA
